source,position,initial_nt,changed_nt,effect,type,aa_change,gene_id,ggene_id,is_an_mutation,gene_position,mutation,key_mutation
Chromosome,412,CCCCCCTCGCAGCCCCC,CCCCCC,HIGH,NONE,SQPP90,DVU0001,DVU0001,False,DVU0001.412,FRAME_SHIFT,DVU0001.412.CCCCCCTCGCAGCCCCC.CCCCCC
Chromosome,42867,AG,AGG,MODIFIER,NONE,,,DVH__.42867,True,DVH__.42867,INTERGENIC,DVH__.42867.AG.AGG
Chromosome,211389,T,TA,MODIFIER,NONE,,,DVH__.211389,True,DVH__.211389,INTERGENIC,DVH__.211389.T.TA
Chromosome,882511,GC,G,MODIFIER,NONE,,,DVH__.882511,True,DVH__.882511,INTERGENIC,DVH__.882511.GC.G
Chromosome,885161,TGGAGGAG,TGGAG,MODERATE,NONE,YS204Y,DVU0799,DVU0799,False,DVU0799.885161,CODON_DELETION,DVU0799.885161.TGGAGGAG.TGGAG
Chromosome,1144620,GC,GCC,MODIFIER,NONE,,,DVH__.1144620,True,DVH__.1144620,INTERGENIC,DVH__.1144620.GC.GCC
Chromosome,1187319,GTATGCCGCGAACT,GT,MODERATE,NONE,VCREL65V,DVU1083,DVU1083,False,DVU1083.1187319,CODON_CHANGE_PLUS_CODON_DELETION,DVU1083.1187319.GTATGCCGCGAACT.GT
Chromosome,1191166,TCCC,TCC,HIGH,NONE,P325,DVU1087,DVU1087,True,DVU1087.1191166,FRAME_SHIFT,DVU1087.1191166.TCCC.TCC
Chromosome,1313341,GC,GCC,MODIFIER,NONE,,,DVH__.1313341,False,DVH__.1313341,INTERGENIC,DVH__.1313341.GC.GCC
Chromosome,1346834,AT,A,HIGH,NONE,I60,DVU1260,DVU1260,False,DVU1260.1346834,FRAME_SHIFT,DVU1260.1346834.AT.A
Chromosome,1388181,GCC,GC,HIGH,NONE,Q271,DVU1295,DVU1295,False,DVU1295.1388181,FRAME_SHIFT,DVU1295.1388181.GCC.GC
Chromosome,1773344,GAAA,GAA,HIGH,NONE,A75,DVU1698,DVU1698,True,DVU1698.1773344,FRAME_SHIFT,DVU1698.1773344.GAAA.GAA
Chromosome,1897096,CT,CTT,MODIFIER,NONE,,,DVH__.1897096,True,DVH__.1897096,INTERGENIC,DVH__.1897096.CT.CTT
Chromosome,2083305,ACCC,ACCCC,MODIFIER,NONE,,,DVH__.2083305,True,DVH__.2083305,INTERGENIC,DVH__.2083305.ACCC.ACCCC
Chromosome,2555217,CA,C,HIGH,NONE,M517,DVU2451,DVU2451,False,DVU2451.2555217,FRAME_SHIFT,DVU2451.2555217.CA.C
Chromosome,2982788,GC,GCCC,MODIFIER,NONE,,,DVH__.2982788,True,DVH__.2982788,INTERGENIC,DVH__.2982788.GC.GCCC
Chromosome,3056212,A,AG,MODIFIER,NONE,,,DVH__.3056212,True,DVH__.3056212,INTERGENIC,DVH__.3056212.A.AG
Chromosome,3066926,C,CACG,MODIFIER,NONE,,,DVH__.3066926,True,DVH__.3066926,INTERGENIC,DVH__.3066926.C.CACG
Chromosome,3140576,TCA,T,HIGH,NONE,T688,DVU3022,DVU3022,True,DVU3022.3140576,FRAME_SHIFT,DVU3022.3140576.TCA.T
Chromosome,3140594,G,GGA,HIGH,NONE,I694R?,DVU3022,DVU3022,True,DVU3022.3140594,FRAME_SHIFT,DVU3022.3140594.G.GGA
Chromosome,3276860,GCCCC,GCCCCC,HIGH,NONE,R26P?,DVU3129,DVU3129,True,DVU3129.3276860,FRAME_SHIFT,DVU3129.3276860.GCCCC.GCCCCC
Chromosome,3396063,GGCACCGCCGCCGCCCACAAGCAGCAACA,G,HIGH,NONE,LLLLVGGGGA63,DVU3227,DVU3227,False,DVU3227.3396063,FRAME_SHIFT,DVU3227.3396063.GGCACCGCCGCCGCCCACAAGCAGCAACA.G
Chromosome,3455727,CT,CTT,MODIFIER,NONE,,,DVH__.3455727,False,DVH__.3455727,INTERGENIC,DVH__.3455727.CT.CTT
Chromosome,3457155,G,GCGC,MODIFIER,NONE,,,DVH__.3457155,True,DVH__.3457155,INTERGENIC,DVH__.3457155.G.GCGC
Chromosome,5565,G,A,MODERATE,MISSENSE,D102N,DVU0004,DVU0004,True,DVU0004.5565,NON_SYNONYMOUS_CODING,DVU0004.5565.G.A
Chromosome,185882,G,T,MODERATE,MISSENSE,G614C,DVU0151,DVU0151,False,DVU0151.185882,NON_SYNONYMOUS_CODING,DVU0151.185882.G.T
Chromosome,495942,C,T,MODIFIER,NONE,,,DVH__.495942,False,DVH__.495942,INTERGENIC,DVH__.495942.C.T
Chromosome,666775,G,T,MODERATE,MISSENSE,G469C,DVU0597,DVU0597,False,DVU0597.666775,NON_SYNONYMOUS_CODING,DVU0597.666775.G.T
Chromosome,716874,T,A,MODIFIER,NONE,,,DVH__.716874,True,DVH__.716874,INTERGENIC,DVH__.716874.T.A
Chromosome,933834,C,T,HIGH,NONSENSE,Q72*,DVU0847,DVU0847,False,DVU0847.933834,STOP_GAINED,DVU0847.933834.C.T
Chromosome,1259554,C,T,MODIFIER,NONE,,,DVH__.1259554,False,DVH__.1259554,INTERGENIC,DVH__.1259554.C.T
Chromosome,1426830,T,G,MODERATE,MISSENSE,V41G,DVU1349,DVU1349,True,DVU1349.1426830,NON_SYNONYMOUS_CODING,DVU1349.1426830.T.G
Chromosome,1773256,G,C,MODERATE,MISSENSE,Q106E,DVU1698,DVU1698,True,DVU1698.1773256,NON_SYNONYMOUS_CODING,DVU1698.1773256.G.C
Chromosome,1909758,G,A,HIGH,NONSENSE,Q40*,DVU1838,DVU1838,False,DVU1838.1909758,STOP_GAINED,DVU1838.1909758.G.A
Chromosome,1913197,T,G,MODERATE,MISSENSE,M102L,DVU1842,DVU1842,True,DVU1842.1913197,NON_SYNONYMOUS_CODING,DVU1842.1913197.T.G
Chromosome,2104739,G,C,LOW,SILENT,V168,DVU2023,DVU2023,True,DVU2023.2104739,SYNONYMOUS_CODING,DVU2023.2104739.G.C
Chromosome,2162235,C,A,MODERATE,MISSENSE,A360S,DVU2078,DVU2078,True,DVU2078.2162235,NON_SYNONYMOUS_CODING,DVU2078.2162235.C.A
Chromosome,2381877,G,C,HIGH,MISSENSE,*275S,DVU2287,DVU2287,True,DVU2287.2381877,STOP_LOST,DVU2287.2381877.G.C
Chromosome,2498389,C,A,MODERATE,MISSENSE,V355F,DVU2395,DVU2395,False,DVU2395.2498389,NON_SYNONYMOUS_CODING,DVU2395.2498389.C.A
Chromosome,2502193,G,C,MODIFIER,NONE,,,DVH__.2502193,True,DVH__.2502193,INTERGENIC,DVH__.2502193.G.C
Chromosome,2775672,C,G,MODERATE,MISSENSE,A200P,DVU2664,DVU2664,True,DVU2664.2775672,NON_SYNONYMOUS_CODING,DVU2664.2775672.C.G
Chromosome,3064064,C,G,LOW,SILENT,A8,DVU2955,DVU2955,True,DVU2955.3064064,SYNONYMOUS_CODING,DVU2955.3064064.C.G
Chromosome,3064065,G,C,MODERATE,MISSENSE,A8G,DVU2955,DVU2955,True,DVU2955.3064065,NON_SYNONYMOUS_CODING,DVU2955.3064065.G.C
Chromosome,3142198,A,G,MODERATE,MISSENSE,D89G,DVU3023,DVU3023,True,DVU3023.3142198,NON_SYNONYMOUS_CODING,DVU3023.3142198.A.G
Chromosome,3396071,C,A,MODERATE,MISSENSE,G70C,DVU3227,DVU3227,False,DVU3227.3396071,NON_SYNONYMOUS_CODING,DVU3227.3396071.C.A
Chromosome,3066926,CAC,CACGAC,MODIFIER,NONE,,,DVH__.3066926,True,DVH__.3066926,INTERGENIC,DVH__.3066926.CAC.CACGAC
Chromosome,3396063,GGCACCGCCGCCGCCCACAAGCAGCAACAGCACCGC,GGCACCGC,HIGH,NONE,AVLLLLVGGG61,DVU3227,DVU3227,False,DVU3227.3396063,FRAME_SHIFT,DVU3227.3396063.GGCACCGCCGCCGCCCACAAGCAGCAACAGCACCGC.GGCACCGC
Chromosome,1413556,T,A,MODERATE,MISSENSE,L99Q,DVU1337,DVU1337,False,DVU1337.1413556,NON_SYNONYMOUS_CODING,DVU1337.1413556.T.A
pDV,30836,GA,GAA,HIGH,NONE,S135S?,DVUA0025,DVUA0025,True,DVUA0025.30836,FRAME_SHIFT,DVUA0025.30836.GA.GAA
pDV,99977,GCGTAGTGGAACGGCTTGACGC,G,MODERATE,NONE,GVKPFHYA173A,DVUA0073,DVUA0073,True,DVUA0073.99977,CODON_CHANGE_PLUS_CODON_DELETION,DVUA0073.99977.GCGTAGTGGAACGGCTTGACGC.G
Chromosome,186541,AG,A,HIGH,NONE,A834,DVU0151,DVU0151,False,DVU0151.186541,FRAME_SHIFT,DVU0151.186541.AG.A
Chromosome,742697,TGGGGGG,TGGGGG,HIGH,NONE,G106,DVU0670,DVU0670,False,DVU0670.742697,FRAME_SHIFT,DVU0670.742697.TGGGGGG.TGGGGG
Chromosome,882511,GCCCCCC,GCCCCC,MODIFIER,NONE,,,DVH__.882511,True,DVH__.882511,INTERGENIC,DVH__.882511.GCCCCCC.GCCCCC
Chromosome,1118479,GCCCCCC,GCCCCCCC,HIGH,NONE,L478P?,DVU1017,DVU1017,False,DVU1017.1118479,FRAME_SHIFT,DVU1017.1118479.GCCCCCC.GCCCCCCC
Chromosome,1186581,TG,T,HIGH,NONE,V80,DVU1082,DVU1082,False,DVU1082.1186581,FRAME_SHIFT,DVU1082.1186581.TG.T
Chromosome,1305310,GAAA,GAA,HIGH,NONE,F133,DVU1214,DVU1214,False,DVU1214.1305310,FRAME_SHIFT,DVU1214.1305310.GAAA.GAA
Chromosome,2510665,TGGGGG,TGGGG,HIGH,NONE,T213,DVU2405,DVU2405,False,DVU2405.2510665,FRAME_SHIFT,DVU2405.2510665.TGGGGG.TGGGG
Chromosome,2991137,CGA,C,HIGH,NONE,E153,DVU2894,DVU2894,False,DVU2894.2991137,FRAME_SHIFT,DVU2894.2991137.CGA.C
Chromosome,3276860,G,GC,HIGH,NONE,R26P?,DVU3129,DVU3129,False,DVU3129.3276860,FRAME_SHIFT,DVU3129.3276860.G.GC
pDV,49089,G,C,MODIFIER,NONE,,,DVH__.49089,True,DVH__.49089,INTERGENIC,DVH__.49089.G.C
Chromosome,666321,A,C,MODERATE,MISSENSE,K317N,DVU0597,DVU0597,False,DVU0597.666321,NON_SYNONYMOUS_CODING,DVU0597.666321.A.C
Chromosome,1376331,T,C,MODERATE,MISSENSE,F137S,DVU1283,DVU1283,False,DVU1283.1376331,NON_SYNONYMOUS_CODING,DVU1283.1376331.T.C
Chromosome,2398628,G,A,MODERATE,MISSENSE,V47M,DVU2305,DVU2305,False,DVU2305.2398628,NON_SYNONYMOUS_CODING,DVU2305.2398628.G.A
Chromosome,180302,GAGGGCGTCGCCGCCACTCCGGGCCTCATCGACGTGGAGTCCGCGGTGGCGCAGGCGCCGTATC,G,MODERATE,NONE,LIRRLRHRGLHVDEARSGGDAL24L,DVU0145,DVU0145,False,DVU0145.180302,CODON_CHANGE_PLUS_CODON_DELETION,DVU0145.180302.GAGGGCGTCGCCGCCACTCCGGGCCTCATCGACGTGGAGTCCGCGGTGGCGCAGGCGCCGTATC.G
Chromosome,933091,GA,G,HIGH,NONE,D6,DVU0846,DVU0846,False,DVU0846.933091,FRAME_SHIFT,DVU0846.933091.GA.G
Chromosome,1198488,TGGG,TG,HIGH,NONE,WV436,DVU1092,DVU1092,False,DVU1092.1198488,FRAME_SHIFT,DVU1092.1198488.TGGG.TG
Chromosome,1346673,CA,C,HIGH,NONE,T6,DVU1260,DVU1260,False,DVU1260.1346673,FRAME_SHIFT,DVU1260.1346673.CA.C
Chromosome,1388854,TG,T,HIGH,NONE,I47,DVU1295,DVU1295,False,DVU1295.1388854,FRAME_SHIFT,DVU1295.1388854.TG.T
Chromosome,2053158,ATTTTTTT,ATTTTTT,MODIFIER,NONE,,,DVH__.2053158,False,DVH__.2053158,INTERGENIC,DVH__.2053158.ATTTTTTT.ATTTTTT
Chromosome,2497733,ACTC,AC,HIGH,NONE,E208,DVU2394,DVU2394,False,DVU2394.2497733,FRAME_SHIFT,DVU2394.2497733.ACTC.AC
Chromosome,209232,G,A,HIGH,NONSENSE,Q11*,DVU0168,DVU0168,False,DVU0168.209232,STOP_GAINED,DVU0168.209232.G.A
Chromosome,229814,A,G,MODERATE,MISSENSE,K137R,DVU0184,DVU0184,False,DVU0184.229814,NON_SYNONYMOUS_CODING,DVU0184.229814.A.G
Chromosome,885112,G,T,MODERATE,MISSENSE,S223Y,DVU0799,DVU0799,False,DVU0799.885112,NON_SYNONYMOUS_CODING,DVU0799.885112.G.T
Chromosome,1376015,C,T,MODERATE,MISSENSE,P32S,DVU1283,DVU1283,False,DVU1283.1376015,NON_SYNONYMOUS_CODING,DVU1283.1376015.C.T
Chromosome,1561378,C,T,MODERATE,MISSENSE,G132E,DVU1483,DVU1483,False,DVU1483.1561378,NON_SYNONYMOUS_CODING,DVU1483.1561378.C.T
Chromosome,1929822,G,A,HIGH,NONSENSE,W125*,DVU1862,DVU1862,False,DVU1862.1929822,STOP_GAINED,DVU1862.1929822.G.A
Chromosome,2556376,G,A,MODERATE,MISSENSE,A131V,DVU2451,DVU2451,False,DVU2451.2556376,NON_SYNONYMOUS_CODING,DVU2451.2556376.G.A
Chromosome,2883762,C,G,MODERATE,MISSENSE,P101A,DVU2776,DVU2776,False,DVU2776.2883762,NON_SYNONYMOUS_CODING,DVU2776.2883762.C.G
Chromosome,885257,C,CGGCGTCGTCGGTGGCGCT,MODERATE,NONE,A174ASATDDA,DVU0799,DVU0799,False,DVU0799.885257,CODON_INSERTION,DVU0799.885257.C.CGGCGTCGTCGGTGGCGCT
Chromosome,1305196,CG,C,HIGH,NONE,I171,DVU1214,DVU1214,False,DVU1214.1305196,FRAME_SHIFT,DVU1214.1305196.CG.C
Chromosome,1716114,AT,A,HIGH,NONE,M76,DVU1632,DVU1632,False,DVU1632.1716114,FRAME_SHIFT,DVU1632.1716114.AT.A
Chromosome,1929873,G,GC,HIGH,NONE,G143R?,DVU1862,DVU1862,False,DVU1862.1929873,FRAME_SHIFT,DVU1862.1929873.G.GC
Chromosome,2082602,TA,T,MODIFIER,NONE,,,DVH__.2082602,False,DVH__.2082602,INTERGENIC,DVH__.2082602.TA.T
Chromosome,2306515,CGAGA,CGA,HIGH,NONE,EM493,DVU2210,DVU2210,False,DVU2210.2306515,FRAME_SHIFT,DVU2210.2306515.CGAGA.CGA
Chromosome,37335,A,C,MODERATE,MISSENSE,F217C,DVU0030,DVU0030,False,DVU0030.37335,NON_SYNONYMOUS_CODING,DVU0030.37335.A.C
Chromosome,1186730,T,A,MODERATE,MISSENSE,V129E,DVU1082,DVU1082,False,DVU1082.1186730,NON_SYNONYMOUS_CODING,DVU1082.1186730.T.A
Chromosome,1376222,A,T,MODERATE,MISSENSE,I101F,DVU1283,DVU1283,False,DVU1283.1376222,NON_SYNONYMOUS_CODING,DVU1283.1376222.A.T
Chromosome,1653920,C,T,MODERATE,MISSENSE,R360H,DVU1571,DVU1571,False,DVU1571.1653920,NON_SYNONYMOUS_CODING,DVU1571.1653920.C.T
Chromosome,2498730,A,T,MODERATE,MISSENSE,V241E,DVU2395,DVU2395,False,DVU2395.2498730,NON_SYNONYMOUS_CODING,DVU2395.2498730.A.T
Chromosome,3452476,G,A,MODERATE,MISSENSE,T14I,DVU3277,DVU3277,False,DVU3277.3452476,NON_SYNONYMOUS_CODING,DVU3277.3452476.G.A
Chromosome,2053158,AT,A,MODIFIER,NONE,,,DVH__.2053158,False,DVH__.2053158,INTERGENIC,DVH__.2053158.AT.A
Chromosome,3305221,G,GC,HIGH,NONE,G105R?,DVU3152,DVU3152,False,DVU3152.3305221,FRAME_SHIFT,DVU3152.3305221.G.GC
Chromosome,1118479,GC,G,HIGH,NONE,L478,DVU1017,DVU1017,False,DVU1017.1118479,FRAME_SHIFT,DVU1017.1118479.GC.G
Chromosome,2555119,TAGAG,TAG,HIGH,NONE,L549,DVU2451,DVU2451,False,DVU2451.2555119,FRAME_SHIFT,DVU2451.2555119.TAGAG.TAG
Chromosome,3402340,GAAA,GAA,HIGH,NONE,I138,DVU3233,DVU3233,False,DVU3233.3402340,FRAME_SHIFT,DVU3233.3402340.GAAA.GAA
Chromosome,3549107,CTGTG,CTG,HIGH,NONE,LT314,DVU3376,DVU3376,False,DVU3376.3549107,FRAME_SHIFT,DVU3376.3549107.CTGTG.CTG
Chromosome,490134,T,A,MODERATE,MISSENSE,L97H,DVU0436,DVU0436,False,DVU0436.490134,NON_SYNONYMOUS_CODING,DVU0436.490134.T.A
Chromosome,885407,G,A,HIGH,NONSENSE,Q125*,DVU0799,DVU0799,False,DVU0799.885407,STOP_GAINED,DVU0799.885407.G.A
Chromosome,1010092,T,G,MODERATE,MISSENSE,D121A,DVU0916,DVU0916,False,DVU0916.1010092,NON_SYNONYMOUS_CODING,DVU0916.1010092.T.G
Chromosome,1010155,G,T,MODERATE,MISSENSE,A100E,DVU0916,DVU0916,False,DVU0916.1010155,NON_SYNONYMOUS_CODING,DVU0916.1010155.G.T
Chromosome,1346657,A,C,LOW,MISSENSE,M1L,DVU1260,DVU1260,False,DVU1260.1346657,NON_SYNONYMOUS_START,DVU1260.1346657.A.C
Chromosome,1375964,T,A,MODERATE,MISSENSE,W15R,DVU1283,DVU1283,False,DVU1283.1375964,NON_SYNONYMOUS_CODING,DVU1283.1375964.T.A
Chromosome,2349370,G,T,MODERATE,MISSENSE,G25V,DVU2253,DVU2253,False,DVU2253.2349370,NON_SYNONYMOUS_CODING,DVU2253.2349370.G.T
Chromosome,2398566,C,T,MODERATE,MISSENSE,A26V,DVU2305,DVU2305,False,DVU2305.2398566,NON_SYNONYMOUS_CODING,DVU2305.2398566.C.T
Chromosome,2497015,A,C,MODERATE,MISSENSE,I448S,DVU2394,DVU2394,False,DVU2394.2497015,NON_SYNONYMOUS_CODING,DVU2394.2497015.A.C
Chromosome,1191166,TC,T,HIGH,NONE,P325,DVU1087,DVU1087,True,DVU1087.1191166,FRAME_SHIFT,DVU1087.1191166.TC.T
Chromosome,1897096,C,CT,MODIFIER,NONE,,,DVH__.1897096,True,DVH__.1897096,INTERGENIC,DVH__.1897096.C.CT
Chromosome,3305497,GCCCCCCC,GCCCCCCCC,HIGH,NONE,P196P?,DVU3152,DVU3152,False,DVU3152.3305497,FRAME_SHIFT,DVU3152.3305497.GCCCCCCC.GCCCCCCCC
pDV,99977,GCGTAGTGGAACGGCTTGACGCCGTAGTGGAACGGCTTGACGCCG,GCGTAGTGGAACGGCTTGACGCCG,MODERATE,NONE,FGVKPFHY165F,DVUA0073,DVUA0073,True,DVUA0073.99977,CODON_DELETION,DVUA0073.99977.GCGTAGTGGAACGGCTTGACGCCGTAGTGGAACGGCTTGACGCCG.GCGTAGTGGAACGGCTTGACGCCG
Chromosome,1426765,T,TC,HIGH,NONE,P21P?,DVU1349,DVU1349,False,DVU1349.1426765,FRAME_SHIFT,DVU1349.1426765.T.TC
Chromosome,3305221,GCCCCCCCC,GCCCCCCCCC,HIGH,NONE,G105R?,DVU3152,DVU3152,False,DVU3152.3305221,FRAME_SHIFT,DVU3152.3305221.GCCCCCCCC.GCCCCCCCCC
Chromosome,3455727,C,CT,MODIFIER,NONE,,,DVH__.3455727,True,DVH__.3455727,INTERGENIC,DVH__.3455727.C.CT
pDV,101864,T,C,MODERATE,MISSENSE,K309R,DVUA0075,DVUA0075,False,DVUA0075.101864,NON_SYNONYMOUS_CODING,DVUA0075.101864.T.C
pDV,101865,T,C,MODERATE,MISSENSE,K309E,DVUA0075,DVUA0075,False,DVUA0075.101865,NON_SYNONYMOUS_CODING,DVUA0075.101865.T.C
Chromosome,885145,TTGA,T,MODERATE,NONE,LN211H,DVU0799,DVU0799,False,DVU0799.885145,CODON_CHANGE_PLUS_CODON_DELETION,DVU0799.885145.TTGA.T
Chromosome,1347652,CG,C,HIGH,NONE,V333,DVU1260,DVU1260,False,DVU1260.1347652,FRAME_SHIFT,DVU1260.1347652.CG.C
Chromosome,2555646,GT,G,HIGH,NONE,Y374,DVU2451,DVU2451,False,DVU2451.2555646,FRAME_SHIFT,DVU2451.2555646.GT.G
Chromosome,2883501,G,A,MODERATE,MISSENSE,D14N,DVU2776,DVU2776,False,DVU2776.2883501,NON_SYNONYMOUS_CODING,DVU2776.2883501.G.A
Chromosome,2991030,C,T,HIGH,NONSENSE,Q117*,DVU2894,DVU2894,False,DVU2894.2991030,STOP_GAINED,DVU2894.2991030.C.T
Chromosome,3025892,T,G,MODERATE,MISSENSE,L405R,DVU2928,DVU2928,False,DVU2928.3025892,NON_SYNONYMOUS_CODING,DVU2928.3025892.T.G
Chromosome,3139658,T,G,MODERATE,MISSENSE,V381G,DVU3022,DVU3022,False,DVU3022.3139658,NON_SYNONYMOUS_CODING,DVU3022.3139658.T.G
Chromosome,3335274,A,G,MODERATE,MISSENSE,E242G,DVU3179,DVU3179,False,DVU3179.3335274,NON_SYNONYMOUS_CODING,DVU3179.3335274.A.G
Chromosome,885161,TGGA,T,MODERATE,NONE,S206,DVU0799,DVU0799,False,DVU0799.885161,CODON_DELETION,DVU0799.885161.TGGA.T
Chromosome,1187319,GTATGCCGCGAAC,G,MODERATE,NONE,VCREL65V,DVU1083,DVU1083,False,DVU1083.1187319,CODON_CHANGE_PLUS_CODON_DELETION,DVU1083.1187319.GTATGCCGCGAAC.G
Chromosome,2016435,CG,C,HIGH,NONE,D436,DVU1942,DVU1942,False,DVU1942.2016435,FRAME_SHIFT,DVU1942.2016435.CG.C
Chromosome,1499475,A,C,MODERATE,MISSENSE,F406V,DVU1425,DVU1425,False,DVU1425.1499475,NON_SYNONYMOUS_CODING,DVU1425.1499475.A.C
Chromosome,2082600,T,A,MODIFIER,NONE,,,DVH__.2082600,False,DVH__.2082600,INTERGENIC,DVH__.2082600.T.A
Chromosome,1313341,G,GC,MODIFIER,NONE,,,DVH__.1313341,True,DVH__.1313341,INTERGENIC,DVH__.1313341.G.GC
Chromosome,1007324,A,G,MODIFIER,NONE,,,DVH__.1007324,False,DVH__.1007324,INTERGENIC,DVH__.1007324.A.G
Chromosome,1152411,C,T,MODERATE,MISSENSE,G224S,DVU1050,DVU1050,False,DVU1050.1152411,NON_SYNONYMOUS_CODING,DVU1050.1152411.C.T
Chromosome,2168986,G,A,MODERATE,MISSENSE,L581F,DVU2083,DVU2083,False,DVU2083.2168986,NON_SYNONYMOUS_CODING,DVU2083.2168986.G.A
Chromosome,2564493,C,T,MODERATE,MISSENSE,S64F,DVU2456,DVU2456,False,DVU2456.2564493,NON_SYNONYMOUS_CODING,DVU2456.2564493.C.T
Chromosome,1198488,TGG,T,HIGH,NONE,WV436,DVU1092,DVU1092,False,DVU1092.1198488,FRAME_SHIFT,DVU1092.1198488.TGG.T
Chromosome,3305497,G,GC,HIGH,NONE,P196P?,DVU3152,DVU3152,False,DVU3152.3305497,FRAME_SHIFT,DVU3152.3305497.G.GC
Chromosome,184033,TGGGGGGG,TGGGGGG,MODIFIER,NONE,,,DVH__.184033,False,DVH__.184033,INTERGENIC,DVH__.184033.TGGGGGGG.TGGGGGG
Chromosome,1347908,GT,G,HIGH,NONE,V418,DVU1260,DVU1260,False,DVU1260.1347908,FRAME_SHIFT,DVU1260.1347908.GT.G
Chromosome,1388169,AGGGGG,AGGGGGG,HIGH,NONE,Y274Y?,DVU1295,DVU1295,False,DVU1295.1388169,FRAME_SHIFT,DVU1295.1388169.AGGGGG.AGGGGGG
Chromosome,1350,C,A,MODERATE,MISSENSE,D400E,DVU0001,DVU0001,False,DVU0001.1350,NON_SYNONYMOUS_CODING,DVU0001.1350.C.A
Chromosome,666460,C,T,MODERATE,MISSENSE,R364W,DVU0597,DVU0597,False,DVU0597.666460,NON_SYNONYMOUS_CODING,DVU0597.666460.C.T
Chromosome,1197526,T,G,MODERATE,MISSENSE,V115G,DVU1092,DVU1092,False,DVU1092.1197526,NON_SYNONYMOUS_CODING,DVU1092.1197526.T.G
Chromosome,1906242,A,G,MODERATE,MISSENSE,F223L,DVU1835,DVU1835,False,DVU1835.1906242,NON_SYNONYMOUS_CODING,DVU1835.1906242.A.G
pDV,30836,G,GA,HIGH,NONE,S135S?,DVUA0025,DVUA0025,False,DVUA0025.30836,FRAME_SHIFT,DVUA0025.30836.G.GA
Chromosome,1347908,GTACT,GACT,HIGH,NONE,V418,DVU1260,DVU1260,False,DVU1260.1347908,FRAME_SHIFT,DVU1260.1347908.GTACT.GACT
Chromosome,1376400,T,G,MODERATE,MISSENSE,V160G,DVU1283,DVU1283,False,DVU1283.1376400,NON_SYNONYMOUS_CODING,DVU1283.1376400.T.G
Chromosome,2711549,A,C,MODERATE,MISSENSE,L239R,DVU2587,DVU2587,False,DVU2587.2711549,NON_SYNONYMOUS_CODING,DVU2587.2711549.A.C
Chromosome,184033,TG,T,MODIFIER,NONE,,,DVH__.184033,False,DVH__.184033,INTERGENIC,DVH__.184033.TG.T
Chromosome,1144620,G,GC,MODIFIER,NONE,,,DVH__.1144620,True,DVH__.1144620,INTERGENIC,DVH__.1144620.G.GC
Chromosome,1773344,GA,G,HIGH,NONE,F76,DVU1698,DVU1698,True,DVU1698.1773344,FRAME_SHIFT,DVU1698.1773344.GA.G
Chromosome,2712128,CCTTC,CC,MODERATE,NONE,E45,DVU2587,DVU2587,False,DVU2587.2712128,CODON_DELETION,DVU2587.2712128.CCTTC.CC
Chromosome,3140594,GGA,GGAGA,HIGH,NONE,I694R?,DVU3022,DVU3022,False,DVU3022.3140594,FRAME_SHIFT,DVU3022.3140594.GGA.GGAGA
Chromosome,2368078,T,C,LOW,SILENT,L4,DVU2279,DVU2279,False,DVU2279.2368078,SYNONYMOUS_CODING,DVU2279.2368078.T.C
Chromosome,1118479,GCCCCCC,GCCCCC,HIGH,NONE,L478,DVU1017,DVU1017,False,DVU1017.1118479,FRAME_SHIFT,DVU1017.1118479.GCCCCCC.GCCCCC
Chromosome,3549107,CTG,C,HIGH,NONE,T315,DVU3376,DVU3376,False,DVU3376.3549107,FRAME_SHIFT,DVU3376.3549107.CTG.C
Chromosome,744487,G,T,MODERATE,MISSENSE,A323D,DVU0671,DVU0671,False,DVU0671.744487,NON_SYNONYMOUS_CODING,DVU0671.744487.G.T
Chromosome,932922,C,T,MODERATE,MISSENSE,D41N,DVU0845,DVU0845,False,DVU0845.932922,NON_SYNONYMOUS_CODING,DVU0845.932922.C.T
Chromosome,2473,C,T,LOW,SILENT,T288,DVU0002,DVU0002,False,DVU0002.2473,SYNONYMOUS_CODING,DVU0002.2473.C.T
Chromosome,1555094,C,T,MODIFIER,NONE,,,DVH__.1555094,False,DVH__.1555094,INTERGENIC,DVH__.1555094.C.T
Chromosome,1347908,GTA,GA,HIGH,NONE,V418,DVU1260,DVU1260,False,DVU1260.1347908,FRAME_SHIFT,DVU1260.1347908.GTA.GA
Chromosome,1531779,T,A,MODERATE,MISSENSE,H224L,DVU1453,DVU1453,False,DVU1453.1531779,NON_SYNONYMOUS_CODING,DVU1453.1531779.T.A
Chromosome,2557157,GAAAAAA,GAAAAAAA,MODIFIER,NONE,,,DVH__.2557157,False,DVH__.2557157,INTERGENIC,DVH__.2557157.GAAAAAA.GAAAAAAA
Chromosome,3045730,ACGTCGGCAAGCCTGCCGCATCCACCACCGATGCGGGCACTGCCTCCG,A,HIGH,NONE,KPAASTTDAGTASASA73,DVU2941,DVU2941,False,DVU2941.3045730,FRAME_SHIFT,DVU2941.3045730.ACGTCGGCAAGCCTGCCGCATCCACCACCGATGCGGGCACTGCCTCCG.A
Chromosome,890932,T,G,MODERATE,MISSENSE,V384G,DVU0804,DVU0804,False,DVU0804.890932,NON_SYNONYMOUS_CODING,DVU0804.890932.T.G
Chromosome,1531230,C,T,MODERATE,MISSENSE,G407D,DVU1453,DVU1453,False,DVU1453.1531230,NON_SYNONYMOUS_CODING,DVU1453.1531230.C.T
Chromosome,2771758,A,C,LOW,SILENT,G96,DVU2659,DVU2659,False,DVU2659.2771758,SYNONYMOUS_CODING,DVU2659.2771758.A.C
Chromosome,1654242,C,T,MODERATE,MISSENSE,E253K,DVU1571,DVU1571,False,DVU1571.1654242,NON_SYNONYMOUS_CODING,DVU1571.1654242.C.T
Chromosome,1106082,GT,G,HIGH,NONE,Y3012,DVU1012,DVU1012,False,DVU1012.1106082,FRAME_SHIFT,DVU1012.1106082.GT.G
Chromosome,2555766,GA,G,HIGH,NONE,L334,DVU2451,DVU2451,False,DVU2451.2555766,FRAME_SHIFT,DVU2451.2555766.GA.G
Chromosome,64172,T,C,MODERATE,MISSENSE,L95P,DVU0057,DVU0057,False,DVU0057.64172,NON_SYNONYMOUS_CODING,DVU0057.64172.T.C
Chromosome,142292,C,T,HIGH,NONSENSE,Q280*,DVU0109,DVU0109,False,DVU0109.142292,STOP_GAINED,DVU0109.142292.C.T
Chromosome,2060393,T,G,MODIFIER,NONE,,,DVH__.2060393,False,DVH__.2060393,INTERGENIC,DVH__.2060393.T.G
Chromosome,2339355,T,C,MODERATE,MISSENSE,D265G,DVU2244,DVU2244,False,DVU2244.2339355,NON_SYNONYMOUS_CODING,DVU2244.2339355.T.C
Chromosome,1623503,A,C,MODERATE,MISSENSE,L104R,DVU1547,DVU1547,False,DVU1547.1623503,NON_SYNONYMOUS_CODING,DVU1547.1623503.A.C
Chromosome,1305310,GA,G,HIGH,NONE,F133,DVU1214,DVU1214,False,DVU1214.1305310,FRAME_SHIFT,DVU1214.1305310.GA.G
Chromosome,2555119,TAG,T,HIGH,NONE,LY549,DVU2451,DVU2451,False,DVU2451.2555119,FRAME_SHIFT,DVU2451.2555119.TAG.T
Chromosome,743018,A,AGAGCTTCCATGCCGTAGGAACCGGTCTTCAG,HIGH,NONE,R212ELPCRRNRSSA?,DVU0670,DVU0670,False,DVU0670.743018,FRAME_SHIFT,DVU0670.743018.A.AGAGCTTCCATGCCGTAGGAACCGGTCTTCAG
Chromosome,1010502,T,C,MODIFIER,NONE,,,DVH__.1010502,False,DVH__.1010502,INTERGENIC,DVH__.1010502.T.C
Chromosome,2306515,CGA,C,HIGH,NONE,EM493,DVU2210,DVU2210,False,DVU2210.2306515,FRAME_SHIFT,DVU2210.2306515.CGA.C
Chromosome,1297045,C,T,MODIFIER,NONE,,,DVH__.1297045,False,DVH__.1297045,INTERGENIC,DVH__.1297045.C.T
Chromosome,1297047,G,T,MODIFIER,NONE,,,DVH__.1297047,False,DVH__.1297047,INTERGENIC,DVH__.1297047.G.T
Chromosome,2170335,C,T,MODERATE,MISSENSE,R131Q,DVU2083,DVU2083,False,DVU2083.2170335,NON_SYNONYMOUS_CODING,DVU2083.2170335.C.T
Chromosome,1716832,CT,C,HIGH,NONE,F9,DVU1634,DVU1634,False,DVU1634.1716832,FRAME_SHIFT,DVU1634.1716832.CT.C
Chromosome,3306280,CGCAAGATCGTCGAGGACATGGGCGGCAAG,CGCAAG,MODERATE,NONE,IVEDMGGK457,DVU3152,DVU3152,False,DVU3152.3306280,CODON_DELETION,DVU3152.3306280.CGCAAGATCGTCGAGGACATGGGCGGCAAG.CGCAAG
Chromosome,1929794,GC,G,HIGH,NONE,R116,DVU1862,DVU1862,False,DVU1862.1929794,FRAME_SHIFT,DVU1862.1929794.GC.G
Chromosome,666161,A,C,MODERATE,MISSENSE,H264P,DVU0597,DVU0597,False,DVU0597.666161,NON_SYNONYMOUS_CODING,DVU0597.666161.A.C
Chromosome,885056,T,G,MODERATE,MISSENSE,T242P,DVU0799,DVU0799,False,DVU0799.885056,NON_SYNONYMOUS_CODING,DVU0799.885056.T.G
Chromosome,885241,T,A,MODERATE,MISSENSE,D180V,DVU0799,DVU0799,False,DVU0799.885241,NON_SYNONYMOUS_CODING,DVU0799.885241.T.A
Chromosome,2883693,A,C,MODERATE,MISSENSE,K78Q,DVU2776,DVU2776,False,DVU2776.2883693,NON_SYNONYMOUS_CODING,DVU2776.2883693.A.C
Chromosome,3402340,GA,G,HIGH,NONE,S139,DVU3233,DVU3233,False,DVU3233.3402340,FRAME_SHIFT,DVU3233.3402340.GA.G
Chromosome,562400,CTCG,C,MODERATE,NONE,DE81E,DVU0493,DVU0493,False,DVU0493.562400,CODON_CHANGE_PLUS_CODON_DELETION,DVU0493.562400.CTCG.C
Chromosome,1197321,CTT,CT,HIGH,NONE,L47,DVU1092,DVU1092,False,DVU1092.1197321,FRAME_SHIFT,DVU1092.1197321.CTT.CT
Chromosome,2406776,CTTTT,CTTT,HIGH,NONE,F56,DVU2313,DVU2313,False,DVU2313.2406776,FRAME_SHIFT,DVU2313.2406776.CTTTT.CTTT
Chromosome,2499090,ACCCC,ACCC,HIGH,NONE,G120,DVU2395,DVU2395,False,DVU2395.2499090,FRAME_SHIFT,DVU2395.2499090.ACCCC.ACCC
Chromosome,2991175,TC,TCC,HIGH,NONE,Y166L?,DVU2894,DVU2894,False,DVU2894.2991175,FRAME_SHIFT,DVU2894.2991175.TC.TCC
Chromosome,885140,A,G,MODERATE,MISSENSE,S214P,DVU0799,DVU0799,False,DVU0799.885140,NON_SYNONYMOUS_CODING,DVU0799.885140.A.G
Chromosome,933076,A,C,LOW,MISSENSE,M1L,DVU0846,DVU0846,False,DVU0846.933076,NON_SYNONYMOUS_START,DVU0846.933076.A.C
Chromosome,2305968,T,G,MODERATE,MISSENSE,L310R,DVU2210,DVU2210,False,DVU2210.2305968,NON_SYNONYMOUS_CODING,DVU2210.2305968.T.G
Chromosome,2376840,G,A,MODIFIER,NONE,,,DVH__.2376840,False,DVH__.2376840,INTERGENIC,DVH__.2376840.G.A
Chromosome,2883693,A,G,MODERATE,MISSENSE,K78E,DVU2776,DVU2776,False,DVU2776.2883693,NON_SYNONYMOUS_CODING,DVU2776.2883693.A.G
Chromosome,1197539,CTT,CT,HIGH,NONE,F120,DVU1092,DVU1092,False,DVU1092.1197539,FRAME_SHIFT,DVU1092.1197539.CTT.CT
Chromosome,1304112,GCAGGGCGGTTCGGCC,G,MODERATE,NONE,WPNRPA528S,DVU1214,DVU1214,False,DVU1214.1304112,CODON_CHANGE_PLUS_CODON_DELETION,DVU1214.1304112.GCAGGGCGGTTCGGCC.G
Chromosome,1388970,C,CA,HIGH,NONE,G9V?,DVU1295,DVU1295,False,DVU1295.1388970,FRAME_SHIFT,DVU1295.1388970.C.CA
Chromosome,2305773,ACT,A,HIGH,NONE,DF245,DVU2210,DVU2210,False,DVU2210.2305773,FRAME_SHIFT,DVU2210.2305773.ACT.A
Chromosome,2497231,TTCTC,TTCTCTC,HIGH,NONE,A374A?,DVU2394,DVU2394,False,DVU2394.2497231,FRAME_SHIFT,DVU2394.2497231.TTCTC.TTCTCTC
Chromosome,3396192,C,CG,HIGH,NONE,P29P?,DVU3227,DVU3227,False,DVU3227.3396192,FRAME_SHIFT,DVU3227.3396192.C.CG
pDV,14992,A,G,MODERATE,MISSENSE,Y399H,DVUA0011,DVUA0011,False,DVUA0011.14992,NON_SYNONYMOUS_CODING,DVUA0011.14992.A.G
Chromosome,1350,C,G,MODERATE,MISSENSE,D400E,DVU0001,DVU0001,False,DVU0001.1350,NON_SYNONYMOUS_CODING,DVU0001.1350.C.G
Chromosome,183579,A,T,MODERATE,MISSENSE,W49R,DVU0150,DVU0150,False,DVU0150.183579,NON_SYNONYMOUS_CODING,DVU0150.183579.A.T
Chromosome,446024,A,G,MODERATE,MISSENSE,L563P,DVU0398,DVU0398,False,DVU0398.446024,NON_SYNONYMOUS_CODING,DVU0398.446024.A.G
Chromosome,882395,G,A,MODERATE,MISSENSE,L8F,DVU0796,DVU0796,False,DVU0796.882395,NON_SYNONYMOUS_CODING,DVU0796.882395.G.A
Chromosome,885125,A,T,MODERATE,MISSENSE,Y219N,DVU0799,DVU0799,False,DVU0799.885125,NON_SYNONYMOUS_CODING,DVU0799.885125.A.T
Chromosome,885131,T,G,MODERATE,MISSENSE,T217P,DVU0799,DVU0799,False,DVU0799.885131,NON_SYNONYMOUS_CODING,DVU0799.885131.T.G
Chromosome,933984,G,T,HIGH,NONSENSE,E122*,DVU0847,DVU0847,False,DVU0847.933984,STOP_GAINED,DVU0847.933984.G.T
Chromosome,1715926,T,G,MODERATE,MISSENSE,V13G,DVU1632,DVU1632,False,DVU1632.1715926,NON_SYNONYMOUS_CODING,DVU1632.1715926.T.G
Chromosome,2555869,C,A,MODERATE,MISSENSE,W300L,DVU2451,DVU2451,False,DVU2451.2555869,NON_SYNONYMOUS_CODING,DVU2451.2555869.C.A
Chromosome,18108,CAAGG,C,HIGH,NONE,GS552,DVU0013,DVU0013,False,DVU0013.18108,FRAME_SHIFT,DVU0013.18108.CAAGG.C
Chromosome,1110396,GA,G,HIGH,NONE,L1574,DVU1012,DVU1012,False,DVU1012.1110396,FRAME_SHIFT,DVU1012.1110396.GA.G
Chromosome,1930036,CTT,CT,HIGH,NONE,L197,DVU1862,DVU1862,False,DVU1862.1930036,FRAME_SHIFT,DVU1862.1930036.CTT.CT
Chromosome,883475,C,T,MODERATE,MISSENSE,D168N,DVU0797,DVU0797,False,DVU0797.883475,NON_SYNONYMOUS_CODING,DVU0797.883475.C.T
Chromosome,885148,A,C,MODERATE,MISSENSE,L211R,DVU0799,DVU0799,False,DVU0799.885148,NON_SYNONYMOUS_CODING,DVU0799.885148.A.C
Chromosome,933250,C,T,HIGH,NONSENSE,Q59*,DVU0846,DVU0846,False,DVU0846.933250,STOP_GAINED,DVU0846.933250.C.T
Chromosome,968220,C,T,MODERATE,MISSENSE,G465S,DVU0876,DVU0876,False,DVU0876.968220,NON_SYNONYMOUS_CODING,DVU0876.968220.C.T
Chromosome,1305506,C,G,MODERATE,MISSENSE,K68N,DVU1214,DVU1214,False,DVU1214.1305506,NON_SYNONYMOUS_CODING,DVU1214.1305506.C.G
Chromosome,1899947,C,A,MODERATE,MISSENSE,E705D,DVU1833,DVU1833,False,DVU1833.1899947,NON_SYNONYMOUS_CODING,DVU1833.1899947.C.A
Chromosome,2349273,C,T,MODIFIER,NONE,,,DVH__.2349273,False,DVH__.2349273,INTERGENIC,DVH__.2349273.C.T
Chromosome,2883472,T,C,MODERATE,MISSENSE,V4A,DVU2776,DVU2776,False,DVU2776.2883472,NON_SYNONYMOUS_CODING,DVU2776.2883472.T.C
Chromosome,16511,G,GGCT,MODERATE,NONE,L21LL,DVU0013,DVU0013,False,DVU0013.16511,CODON_CHANGE_PLUS_CODON_INSERTION,DVU0013.16511.G.GGCT
Chromosome,1930190,ACTGCCCGGGCGTTCCGCCCTTCCATGTCACCTTCTCCGGCGGCATCGCCACCTGTACCACCGGCGTGAC,A,MODERATE,NONE,GVPPFHVTFSGGIATCTTGVTCPA251A,DVU1862,DVU1862,False,DVU1862.1930190,CODON_CHANGE_PLUS_CODON_DELETION,DVU1862.1930190.ACTGCCCGGGCGTTCCGCCCTTCCATGTCACCTTCTCCGGCGGCATCGCCACCTGTACCACCGGCGTGAC.A
Chromosome,885110,A,T,MODERATE,MISSENSE,W224R,DVU0799,DVU0799,False,DVU0799.885110,NON_SYNONYMOUS_CODING,DVU0799.885110.A.T
Chromosome,1347936,T,C,MODERATE,MISSENSE,F427S,DVU1260,DVU1260,False,DVU1260.1347936,NON_SYNONYMOUS_CODING,DVU1260.1347936.T.C
Chromosome,1388343,G,T,HIGH,NONSENSE,S218*,DVU1295,DVU1295,False,DVU1295.1388343,STOP_GAINED,DVU1295.1388343.G.T
Chromosome,2570540,C,G,MODERATE,MISSENSE,L124V,DVU2464,DVU2464,False,DVU2464.2570540,NON_SYNONYMOUS_CODING,DVU2464.2570540.C.G
Chromosome,1305041,GACCAGCATCACGGCGAA,G,HIGH,NONE,FAVMLV218,DVU1214,DVU1214,False,DVU1214.1305041,FRAME_SHIFT,DVU1214.1305041.GACCAGCATCACGGCGAA.G
Chromosome,2555222,TG,T,HIGH,NONE,G515,DVU2451,DVU2451,False,DVU2451.2555222,FRAME_SHIFT,DVU2451.2555222.TG.T
Chromosome,2991635,CA,C,HIGH,NONE,M319,DVU2894,DVU2894,False,DVU2894.2991635,FRAME_SHIFT,DVU2894.2991635.CA.C
Chromosome,885616,T,G,MODERATE,MISSENSE,D55A,DVU0799,DVU0799,False,DVU0799.885616,NON_SYNONYMOUS_CODING,DVU0799.885616.T.G
Chromosome,2444266,A,C,MODERATE,MISSENSE,D546A,DVU2349,DVU2349,False,DVU2349.2444266,NON_SYNONYMOUS_CODING,DVU2349.2444266.A.C
Chromosome,17430,CCGCGCCATCATGCTCGAACTGTCGGACGGG,C,MODERATE,NONE,IMLELSDGRA326,DVU0013,DVU0013,False,DVU0013.17430,CODON_DELETION,DVU0013.17430.CCGCGCCATCATGCTCGAACTGTCGGACGGG.C
Chromosome,883298,AAGAACCGTTGTACTTGGTGCTGTCAGAACCGTTG,AAGAACCGTTG,MODERATE,NONE,VNGSDSTKY215V,DVU0797,DVU0797,False,DVU0797.883298,CODON_DELETION,DVU0797.883298.AAGAACCGTTGTACTTGGTGCTGTCAGAACCGTTG.AAGAACCGTTG
Chromosome,933193,TA,T,HIGH,NONE,Y40,DVU0846,DVU0846,False,DVU0846.933193,FRAME_SHIFT,DVU0846.933193.TA.T
Chromosome,1305998,ATT,AT,HIGH,NONE,R184,DVU1215,DVU1215,False,DVU1215.1305998,FRAME_SHIFT,DVU1215.1305998.ATT.AT
Chromosome,1758009,T,TA,HIGH,NONE,L146L?,DVU1679,DVU1679,False,DVU1679.1758009,FRAME_SHIFT,DVU1679.1758009.T.TA
Chromosome,666665,C,T,MODERATE,MISSENSE,A432V,DVU0597,DVU0597,False,DVU0597.666665,NON_SYNONYMOUS_CODING,DVU0597.666665.C.T
Chromosome,885148,A,G,MODERATE,MISSENSE,L211P,DVU0799,DVU0799,False,DVU0799.885148,NON_SYNONYMOUS_CODING,DVU0799.885148.A.G
Chromosome,1347095,C,T,HIGH,NONSENSE,Q147*,DVU1260,DVU1260,False,DVU1260.1347095,STOP_GAINED,DVU1260.1347095.C.T
Chromosome,2376839,C,T,MODIFIER,NONE,,,DVH__.2376839,False,DVH__.2376839,INTERGENIC,DVH__.2376839.C.T
Chromosome,2990916,G,T,MODERATE,MISSENSE,G79C,DVU2894,DVU2894,False,DVU2894.2990916,NON_SYNONYMOUS_CODING,DVU2894.2990916.G.T
Chromosome,3311634,C,T,LOW,SILENT,A8,DVU3156,DVU3156,False,DVU3156.3311634,SYNONYMOUS_CODING,DVU3156.3311634.C.T
Chromosome,3410739,A,C,MODERATE,MISSENSE,L41R,DVU3239,DVU3239,False,DVU3239.3410739,NON_SYNONYMOUS_CODING,DVU3239.3410739.A.C
Chromosome,412,CCCCCCTCGCAG,C,HIGH,NONE,SQPP90,DVU0001,DVU0001,False,DVU0001.412,FRAME_SHIFT,DVU0001.412.CCCCCCTCGCAG.C
Chromosome,16511,GGCT,G,MODERATE,NONE,LL20L,DVU0013,DVU0013,False,DVU0013.16511,CODON_CHANGE_PLUS_CODON_DELETION,DVU0013.16511.GGCT.G
Chromosome,793510,C,CTG,HIGH,NONE,G209W?,DVU0713,DVU0713,False,DVU0713.793510,FRAME_SHIFT,DVU0713.793510.C.CTG
Chromosome,933167,TC,T,HIGH,NONE,L32,DVU0846,DVU0846,False,DVU0846.933167,FRAME_SHIFT,DVU0846.933167.TC.T
Chromosome,1304729,GA,G,HIGH,NONE,I327,DVU1214,DVU1214,False,DVU1214.1304729,FRAME_SHIFT,DVU1214.1304729.GA.G
Chromosome,1347013,CAT,C,HIGH,NONE,Y121,DVU1260,DVU1260,False,DVU1260.1347013,FRAME_SHIFT,DVU1260.1347013.CAT.C
Chromosome,2497255,TC,T,HIGH,NONE,E368,DVU2394,DVU2394,False,DVU2394.2497255,FRAME_SHIFT,DVU2394.2497255.TC.T
Chromosome,2991428,GCCCC,GCCC,HIGH,NONE,R251,DVU2894,DVU2894,False,DVU2894.2991428,FRAME_SHIFT,DVU2894.2991428.GCCCC.GCCC
Chromosome,39264,A,T,MODERATE,MISSENSE,N35Y,DVU0032,DVU0032,False,DVU0032.39264,NON_SYNONYMOUS_CODING,DVU0032.39264.A.T
Chromosome,489869,T,G,MODERATE,MISSENSE,F9V,DVU0436,DVU0436,False,DVU0436.489869,NON_SYNONYMOUS_CODING,DVU0436.489869.T.G
Chromosome,1851531,G,A,MODERATE,MISSENSE,A415V,DVU1788,DVU1788,False,DVU1788.1851531,NON_SYNONYMOUS_CODING,DVU1788.1851531.G.A
Chromosome,2883694,A,T,MODERATE,MISSENSE,K78M,DVU2776,DVU2776,False,DVU2776.2883694,NON_SYNONYMOUS_CODING,DVU2776.2883694.A.T
Chromosome,932896,ATCAGGGGTGACATTGT,A,HIGH,NONE,NNVTPD44,DVU0845,DVU0845,False,DVU0845.932896,FRAME_SHIFT,DVU0845.932896.ATCAGGGGTGACATTGT.A
Chromosome,1114413,GGTG,GG,HIGH,NONE,VT234,DVU1012,DVU1012,False,DVU1012.1114413,FRAME_SHIFT,DVU1012.1114413.GGTG.GG
Chromosome,1930217,TC,TCC,HIGH,NONE,T258H?,DVU1862,DVU1862,False,DVU1862.1930217,FRAME_SHIFT,DVU1862.1930217.TC.TCC
Chromosome,2556689,GA,G,HIGH,NONE,F26,DVU2451,DVU2451,False,DVU2451.2556689,FRAME_SHIFT,DVU2451.2556689.GA.G
Chromosome,495947,C,T,MODIFIER,NONE,,,DVH__.495947,False,DVH__.495947,INTERGENIC,DVH__.495947.C.T
Chromosome,1135267,G,A,MODERATE,MISSENSE,G10S,DVU1031,DVU1031,False,DVU1031.1135267,NON_SYNONYMOUS_CODING,DVU1031.1135267.G.A
Chromosome,2497750,G,A,MODERATE,MISSENSE,A203V,DVU2394,DVU2394,False,DVU2394.2497750,NON_SYNONYMOUS_CODING,DVU2394.2497750.G.A
Chromosome,42867,A,AG,MODIFIER,NONE,,,DVH__.42867,True,DVH__.42867,INTERGENIC,DVH__.42867.A.AG
Chromosome,2083305,A,AC,MODIFIER,NONE,,,DVH__.2083305,True,DVH__.2083305,INTERGENIC,DVH__.2083305.A.AC
Chromosome,1388169,A,AG,HIGH,NONE,L276P?,DVU1295,DVU1295,False,DVU1295.1388169,FRAME_SHIFT,DVU1295.1388169.A.AG
Chromosome,2511292,G,A,HIGH,NONSENSE,Q6*,DVU2405,DVU2405,False,DVU2405.2511292,STOP_GAINED,DVU2405.2511292.G.A
Chromosome,745704,A,G,LOW,SILENT,L31,DVU0672,DVU0672,False,DVU0672.745704,SYNONYMOUS_CODING,DVU0672.745704.A.G
Chromosome,141977,A,C,MODERATE,MISSENSE,T175P,DVU0109,DVU0109,False,DVU0109.141977,NON_SYNONYMOUS_CODING,DVU0109.141977.A.C
Chromosome,1409539,T,C,MODERATE,MISSENSE,L9S,DVU1333,DVU1333,False,DVU1333.1409539,NON_SYNONYMOUS_CODING,DVU1333.1409539.T.C
Chromosome,885136,T,G,MODERATE,MISSENSE,D215A,DVU0799,DVU0799,False,DVU0799.885136,NON_SYNONYMOUS_CODING,DVU0799.885136.T.G
Chromosome,2497223,T,A,MODERATE,MISSENSE,I379F,DVU2394,DVU2394,False,DVU2394.2497223,NON_SYNONYMOUS_CODING,DVU2394.2497223.T.A
Chromosome,283162,CGCAGGTCGTTGACGATGTTCGACAGACGCA,C,MODIFIER,NONE,,,DVH__.283162,False,DVH__.283162,INTERGENIC,DVH__.283162.CGCAGGTCGTTGACGATGTTCGACAGACGCA.C
Chromosome,1304996,GC,G,HIGH,NONE,S238,DVU1214,DVU1214,False,DVU1214.1304996,FRAME_SHIFT,DVU1214.1304996.GC.G
Chromosome,3535542,CGGCACAACCCATCCCACAAGCAGCAACA,C,HIGH,NONE,LLLLVGWVVP35,DVU3364,DVU3364,False,DVU3364.3535542,FRAME_SHIFT,DVU3364.3535542.CGGCACAACCCATCCCACAAGCAGCAACA.C
Chromosome,666581,G,T,MODERATE,MISSENSE,R404L,DVU0597,DVU0597,False,DVU0597.666581,NON_SYNONYMOUS_CODING,DVU0597.666581.G.T
Chromosome,2076553,T,G,MODERATE,MISSENSE,F100V,DVU1995,DVU1995,False,DVU1995.2076553,NON_SYNONYMOUS_CODING,DVU1995.2076553.T.G
Chromosome,1599965,TC,T,HIGH,NONE,F72,DVU1531,DVU1531,False,DVU1531.1599965,FRAME_SHIFT,DVU1531.1599965.TC.T
Chromosome,200584,C,G,MODERATE,MISSENSE,K837N,DVU0162,DVU0162,False,DVU0162.200584,NON_SYNONYMOUS_CODING,DVU0162.200584.C.G
Chromosome,17214,AG,A,HIGH,NONE,E252,DVU0013,DVU0013,False,DVU0013.17214,FRAME_SHIFT,DVU0013.17214.AG.A
Chromosome,2564341,CCAGAATCA,CCAGAATCAGAATCA,MODERATE,NONE,Q16QNQ,DVU2456,DVU2456,False,DVU2456.2564341,CODON_CHANGE_PLUS_CODON_INSERTION,DVU2456.2564341.CCAGAATCA.CCAGAATCAGAATCA
Chromosome,1551144,C,T,MODERATE,MISSENSE,E4K,DVU1469,DVU1469,False,DVU1469.1551144,NON_SYNONYMOUS_CODING,DVU1469.1551144.C.T
pDV,100469,G,T,HIGH,NONSENSE,S16*,DVUA0073,DVUA0073,False,DVUA0073.100469,STOP_GAINED,DVUA0073.100469.G.T
Chromosome,344758,T,G,MODERATE,MISSENSE,S104R,DVU0298,DVU0298,False,DVU0298.344758,NON_SYNONYMOUS_CODING,DVU0298.344758.T.G
Chromosome,1304974,G,A,HIGH,NONSENSE,Q246*,DVU1214,DVU1214,False,DVU1214.1304974,STOP_GAINED,DVU1214.1304974.G.A
Chromosome,2499914,GC,GCC,HIGH,NONE,L283L?,DVU2396,DVU2396,False,DVU2396.2499914,FRAME_SHIFT,DVU2396.2499914.GC.GCC
Chromosome,2555550,GGATTCGCCCCATGCGC,G,HIGH,NONE,RAWGES401,DVU2451,DVU2451,False,DVU2451.2555550,FRAME_SHIFT,DVU2451.2555550.GGATTCGCCCCATGCGC.G
Chromosome,2339281,C,T,MODERATE,MISSENSE,E290K,DVU2244,DVU2244,False,DVU2244.2339281,NON_SYNONYMOUS_CODING,DVU2244.2339281.C.T
Chromosome,3140578,ACG,A,HIGH,NONE,T688,DVU3022,DVU3022,False,DVU3022.3140578,FRAME_SHIFT,DVU3022.3140578.ACG.A
Chromosome,2081506,CTT,CT,HIGH,NONE,L650,DVU1999,DVU1999,False,DVU1999.2081506,FRAME_SHIFT,DVU1999.2081506.CTT.CT
Chromosome,2991008,CGG,C,HIGH,NONE,G110,DVU2894,DVU2894,False,DVU2894.2991008,FRAME_SHIFT,DVU2894.2991008.CGG.C
Chromosome,281006,A,C,MODERATE,MISSENSE,C100G,DVU0247,DVU0247,False,DVU0247.281006,NON_SYNONYMOUS_CODING,DVU0247.281006.A.C
Chromosome,308031,C,T,HIGH,NONSENSE,W130*,DVU0265,DVU0265,False,DVU0265.308031,STOP_GAINED,DVU0265.308031.C.T
Chromosome,1456392,T,C,MODERATE,MISSENSE,L126P,DVU1383,DVU1383,False,DVU1383.1456392,NON_SYNONYMOUS_CODING,DVU1383.1456392.T.C
Chromosome,3535088,T,G,MODERATE,MISSENSE,T196P,DVU3364,DVU3364,False,DVU3364.3535088,NON_SYNONYMOUS_CODING,DVU3364.3535088.T.G
Chromosome,2499914,G,GC,HIGH,NONE,L283L?,DVU2396,DVU2396,False,DVU2396.2499914,FRAME_SHIFT,DVU2396.2499914.G.GC
Chromosome,1374,C,CA,HIGH,NONE,I411N?,DVU0001,DVU0001,False,DVU0001.1374,FRAME_SHIFT,DVU0001.1374.C.CA
Chromosome,885179,AGGGGG,AGG,MODERATE,NONE,TP199T,DVU0799,DVU0799,False,DVU0799.885179,CODON_DELETION,DVU0799.885179.AGGGGG.AGG
Chromosome,2727971,AACA,AA,HIGH,NONE,NN63,DVU2609,DVU2609,False,DVU2609.2727971,FRAME_SHIFT,DVU2609.2727971.AACA.AA
Chromosome,3045616,G,GCT,HIGH,NONE,G33S?,DVU2941,DVU2941,False,DVU2941.3045616,FRAME_SHIFT,DVU2941.3045616.G.GCT
Chromosome,3045620,TGGC,T,MODERATE,NONE,G34,DVU2941,DVU2941,False,DVU2941.3045620,CODON_DELETION,DVU2941.3045620.TGGC.T
Chromosome,666455,T,G,MODERATE,MISSENSE,I362S,DVU0597,DVU0597,False,DVU0597.666455,NON_SYNONYMOUS_CODING,DVU0597.666455.T.G
Chromosome,883604,G,A,HIGH,NONSENSE,Q125*,DVU0797,DVU0797,False,DVU0797.883604,STOP_GAINED,DVU0797.883604.G.A
Chromosome,3045625,A,T,MODERATE,MISSENSE,H35L,DVU2941,DVU2941,False,DVU2941.3045625,NON_SYNONYMOUS_CODING,DVU2941.3045625.A.T
Chromosome,3045628,C,T,MODERATE,MISSENSE,A36V,DVU2941,DVU2941,False,DVU2941.3045628,NON_SYNONYMOUS_CODING,DVU2941.3045628.C.T
Chromosome,3535456,GCCC,GCC,HIGH,NONE,W72,DVU3364,DVU3364,False,DVU3364.3535456,FRAME_SHIFT,DVU3364.3535456.GCCC.GCC
Chromosome,708327,C,T,MODERATE,MISSENSE,M151I,DVU0638,DVU0638,False,DVU0638.708327,NON_SYNONYMOUS_CODING,DVU0638.708327.C.T
Chromosome,16879,TA,T,HIGH,NONE,Y140,DVU0013,DVU0013,False,DVU0013.16879,FRAME_SHIFT,DVU0013.16879.TA.T
Chromosome,903887,CG,C,HIGH,NONE,P141,DVU0815,DVU0815,False,DVU0815.903887,FRAME_SHIFT,DVU0815.903887.CG.C
Chromosome,1347082,TAA,TAAA,HIGH,NONE,N143K?,DVU1260,DVU1260,False,DVU1260.1347082,FRAME_SHIFT,DVU1260.1347082.TAA.TAAA
Chromosome,1930119,CG,C,HIGH,NONE,G225,DVU1862,DVU1862,False,DVU1862.1930119,FRAME_SHIFT,DVU1862.1930119.CG.C
Chromosome,2497411,AGGGGGGG,AGGGGGG,HIGH,NONE,P314,DVU2394,DVU2394,False,DVU2394.2497411,FRAME_SHIFT,DVU2394.2497411.AGGGGGGG.AGGGGGG
Chromosome,1375983,C,T,MODERATE,MISSENSE,P21L,DVU1283,DVU1283,False,DVU1283.1375983,NON_SYNONYMOUS_CODING,DVU1283.1375983.C.T
Chromosome,2277357,T,C,MODERATE,MISSENSE,Y104C,DVU2177,DVU2177,False,DVU2177.2277357,NON_SYNONYMOUS_CODING,DVU2177.2277357.T.C
Chromosome,2376842,G,A,MODIFIER,NONE,,,DVH__.2376842,False,DVH__.2376842,INTERGENIC,DVH__.2376842.G.A
Chromosome,3535097,TGG,TG,HIGH,NONE,A192,DVU3364,DVU3364,False,DVU3364.3535097,FRAME_SHIFT,DVU3364.3535097.TGG.TG
Chromosome,708564,C,T,MODERATE,MISSENSE,M72I,DVU0638,DVU0638,False,DVU0638.708564,NON_SYNONYMOUS_CODING,DVU0638.708564.C.T
Chromosome,1409694,C,T,MODERATE,MISSENSE,G4R,EBG00001178526,EBG00001178526,False,EBG00001178526.1409694,NON_SYNONYMOUS_CODING,EBG00001178526.1409694.C.T
Chromosome,1743065,A,T,MODERATE,MISSENSE,Q119L,DVU1663,DVU1663,False,DVU1663.1743065,NON_SYNONYMOUS_CODING,DVU1663.1743065.A.T
Chromosome,883526,AGG,A,HIGH,NONE,S150,DVU0797,DVU0797,False,DVU0797.883526,FRAME_SHIFT,DVU0797.883526.AGG.A
Chromosome,885050,A,AGGT,MODERATE,NONE,T243TT,DVU0799,DVU0799,False,DVU0799.885050,CODON_INSERTION,DVU0799.885050.A.AGGT
Chromosome,1306199,AGG,A,HIGH,NONE,IL117,DVU1215,DVU1215,False,DVU1215.1306199,FRAME_SHIFT,DVU1215.1306199.AGG.A
Chromosome,1858432,GCAACGGCTTCTCCCAAT,G,HIGH,NONE,ALGEAVA255,DVU1797,DVU1797,False,DVU1797.1858432,FRAME_SHIFT,DVU1797.1858432.GCAACGGCTTCTCCCAAT.G
Chromosome,2080532,GCT,G,HIGH,NONE,A325,DVU1999,DVU1999,False,DVU1999.2080532,FRAME_SHIFT,DVU1999.2080532.GCT.G
Chromosome,885139,G,A,MODERATE,MISSENSE,S214F,DVU0799,DVU0799,False,DVU0799.885139,NON_SYNONYMOUS_CODING,DVU0799.885139.G.A
Chromosome,2497060,TC,T,HIGH,NONE,E433,DVU2394,DVU2394,False,DVU2394.2497060,FRAME_SHIFT,DVU2394.2497060.TC.T
Chromosome,885166,GAGTAG,GAG,MODERATE,NONE,AY203A,DVU0799,DVU0799,False,DVU0799.885166,CODON_DELETION,DVU0799.885166.GAGTAG.GAG
Chromosome,1532232,ACCC,ACC,HIGH,NONE,R72,DVU1453,DVU1453,False,DVU1453.1532232,FRAME_SHIFT,DVU1453.1532232.ACCC.ACC
Chromosome,1600255,GA,G,HIGH,NONE,E169,DVU1531,DVU1531,False,DVU1531.1600255,FRAME_SHIFT,DVU1531.1600255.GA.G
Chromosome,1930025,T,TC,HIGH,NONE,V193V?,DVU1862,DVU1862,False,DVU1862.1930025,FRAME_SHIFT,DVU1862.1930025.T.TC
Chromosome,16511,GGCTGCTGCTGCT,GGCTGCTGCT,MODERATE,NONE,LL20L,DVU0013,DVU0013,False,DVU0013.16511,CODON_CHANGE_PLUS_CODON_DELETION,DVU0013.16511.GGCTGCTGCTGCT.GGCTGCTGCT
Chromosome,516447,TGGC,T,MODERATE,NONE,A229,DVU0451,DVU0451,False,DVU0451.516447,CODON_DELETION,DVU0451.516447.TGGC.T
Chromosome,2303521,A,C,MODERATE,MISSENSE,V30G,DVU2206,DVU2206,False,DVU2206.2303521,NON_SYNONYMOUS_CODING,DVU2206.2303521.A.C
Chromosome,2498323,T,C,MODERATE,MISSENSE,D12G,DVU2394,DVU2394,False,DVU2394.2498323,NON_SYNONYMOUS_CODING,DVU2394.2498323.T.C
Chromosome,516447,TGGCG,TG,MODERATE,NONE,A229,DVU0451,DVU0451,False,DVU0451.516447,CODON_DELETION,DVU0451.516447.TGGCG.TG
Chromosome,3028639,G,A,MODERATE,MISSENSE,E1321K,DVU2928,DVU2928,False,DVU2928.3028639,NON_SYNONYMOUS_CODING,DVU2928.3028639.G.A
Chromosome,1037173,C,G,MODIFIER,NONE,,,DVH__.1037173,False,DVH__.1037173,INTERGENIC,DVH__.1037173.C.G
Chromosome,2398965,G,A,MODERATE,MISSENSE,G159D,DVU2305,DVU2305,False,DVU2305.2398965,NON_SYNONYMOUS_CODING,DVU2305.2398965.G.A
Chromosome,2497102,G,T,HIGH,NONSENSE,S419*,DVU2394,DVU2394,False,DVU2394.2497102,STOP_GAINED,DVU2394.2497102.G.T
Chromosome,2883478,A,G,MODERATE,MISSENSE,Y6C,DVU2776,DVU2776,False,DVU2776.2883478,NON_SYNONYMOUS_CODING,DVU2776.2883478.A.G
BX950229,175754,ACC,ACCC,HIGH,NONE,M25M?,MMP0166,MMP0166,False,MMP0166.175754,FRAME_SHIFT,MMP0166.175754.ACC.ACCC
BX950229,252299,ATTTTTTT,ATTTTTT,HIGH,NONE,E250,MMP0251,MMP0251,False,MMP0251.252299,FRAME_SHIFT,MMP0251.252299.ATTTTTTT.ATTTTTT
BX950229,1153734,GAT,GATAT,HIGH,NONE,D402M?,MMP1169,MMP1169,True,MMP1169.1153734,FRAME_SHIFT,MMP1169.1153734.GAT.GATAT
BX950229,1341204,TGAAGAAGAAGAA,TGAAGAAGAAGAAGAA,MODERATE,NONE,N108EN,MMP1362,MMP1362,False,MMP1362.1341204,CODON_INSERTION,MMP1362.1341204.TGAAGAAGAAGAA.TGAAGAAGAAGAAGAA
BX950229,1438687,AGG,AG,HIGH,NONE,G109,MMP1477,MMP1477,True,MMP1477.1438687,FRAME_SHIFT,MMP1477.1438687.AGG.AG
BX950229,1495457,GAAAAAAAA,GAAAAAAA,MODIFIER,NONE,,,MMP__.1495457,True,MMP__.1495457,INTERGENIC,MMP__.1495457.GAAAAAAAA.GAAAAAAA
BX950229,1654605,AT,A,HIGH,NONE,I26,MMP1718,MMP1718,False,MMP1718.1654605,FRAME_SHIFT,MMP1718.1654605.AT.A
BX950229,156264,A,T,MODERATE,MISSENSE,F185Y,MMP0146,MMP0146,False,MMP0146.156264,NON_SYNONYMOUS_CODING,MMP0146.156264.A.T
BX950229,241892,A,T,HIGH,NONSENSE,K136*,MMP0234,MMP0234,True,MMP0234.241892,STOP_GAINED,MMP0234.241892.A.T
BX950229,421352,T,C,MODERATE,MISSENSE,I296T,MMP0419,MMP0419,False,MMP0419.421352,NON_SYNONYMOUS_CODING,MMP0419.421352.T.C
BX950229,635006,C,T,MODERATE,MISSENSE,H14Y,MMP0643,MMP0643,False,MMP0643.635006,NON_SYNONYMOUS_CODING,MMP0643.635006.C.T
BX950229,687745,A,G,MODERATE,MISSENSE,I387V,MMP0697,MMP0697,True,MMP0697.687745,NON_SYNONYMOUS_CODING,MMP0697.687745.A.G
BX950229,1439720,C,T,MODIFIER,NONE,,,MMP__.1439720,False,MMP__.1439720,INTERGENIC,MMP__.1439720.C.T
BX950229,1469819,C,T,MODERATE,MISSENSE,A161T,MMP1511,MMP1511,False,MMP1511.1469819,NON_SYNONYMOUS_CODING,MMP1511.1469819.C.T
BX950229,658751,TAGAAGAAGAAGAAG,TAGAAGAAGAAGAAGAAG,MODERATE,NONE,S107RS,MMP0669,MMP0669,False,MMP0669.658751,CODON_CHANGE_PLUS_CODON_INSERTION,MMP0669.658751.TAGAAGAAGAAGAAG.TAGAAGAAGAAGAAGAAG
BX950229,1654605,ATTTTTTTT,ATTTTTTT,HIGH,NONE,R23,MMP1718,MMP1718,False,MMP1718.1654605,FRAME_SHIFT,MMP1718.1654605.ATTTTTTTT.ATTTTTTT
BX950229,1558801,A,G,MODERATE,MISSENSE,Y193H,MMP1612,MMP1612,False,MMP1612.1558801,NON_SYNONYMOUS_CODING,MMP1612.1558801.A.G
BX950229,332700,TAA,TA,HIGH,NONE,S125,MMP0335,MMP0335,False,MMP0335.332700,FRAME_SHIFT,MMP0335.332700.TAA.TA
BX950229,1627425,AAT,A,MODIFIER,NONE,,,MMP__.1627425,False,MMP__.1627425,INTERGENIC,MMP__.1627425.AAT.A
BX950229,1654605,ATTTTTTTT,ATTTTTTTTT,HIGH,NONE,R23R?,MMP1718,MMP1718,False,MMP1718.1654605,FRAME_SHIFT,MMP1718.1654605.ATTTTTTTT.ATTTTTTTTT
BX950229,421946,G,A,HIGH,NONSENSE,W494*,MMP0419,MMP0419,False,MMP0419.421946,STOP_GAINED,MMP0419.421946.G.A
BX950229,1289826,TAA,TA,HIGH,NONE,Y269,MMP1303,MMP1303,False,MMP1303.1289826,FRAME_SHIFT,MMP1303.1289826.TAA.TA
BX950229,1469741,AT,A,HIGH,NONE,P186,MMP1511,MMP1511,False,MMP1511.1469741,FRAME_SHIFT,MMP1511.1469741.AT.A
BX950229,216934,T,A,MODERATE,MISSENSE,K60N,MMP0209,MMP0209,False,MMP0209.216934,NON_SYNONYMOUS_CODING,MMP0209.216934.T.A
BX950229,420683,T,C,MODERATE,MISSENSE,L73P,MMP0419,MMP0419,False,MMP0419.420683,NON_SYNONYMOUS_CODING,MMP0419.420683.T.C
BX950229,1216664,G,A,MODERATE,MISSENSE,E55K,MMP1227,MMP1227,False,MMP1227.1216664,NON_SYNONYMOUS_CODING,MMP1227.1216664.G.A
BX950229,1340302,G,T,MODERATE,MISSENSE,G317V,MMP1361,MMP1361,False,MMP1361.1340302,NON_SYNONYMOUS_CODING,MMP1361.1340302.G.T
BX950229,1469519,CAA,CA,HIGH,NONE,I260,MMP1511,MMP1511,False,MMP1511.1469519,FRAME_SHIFT,MMP1511.1469519.CAA.CA
BX950229,1495457,GA,G,MODIFIER,NONE,,,MMP__.1495457,True,MMP__.1495457,INTERGENIC,MMP__.1495457.GA.G
BX950229,421197,C,A,HIGH,NONSENSE,Y244*,MMP0419,MMP0419,False,MMP0419.421197,STOP_GAINED,MMP0419.421197.C.A
BX950229,1169640,G,A,MODERATE,MISSENSE,A352T,MMP1186,MMP1186,False,MMP1186.1169640,NON_SYNONYMOUS_CODING,MMP1186.1169640.G.A
BX950229,1217220,T,C,MODERATE,MISSENSE,L240P,MMP1227,MMP1227,False,MMP1227.1217220,NON_SYNONYMOUS_CODING,MMP1227.1217220.T.C
BX950229,1239652,T,C,LOW,SILENT,P534,MMP1255,MMP1255,False,MMP1255.1239652,SYNONYMOUS_CODING,MMP1255.1239652.T.C
BX950229,1341830,T,G,MODERATE,MISSENSE,L312R,MMP1362,MMP1362,False,MMP1362.1341830,NON_SYNONYMOUS_CODING,MMP1362.1341830.T.G
BX950229,1470016,G,A,MODERATE,MISSENSE,A95V,MMP1511,MMP1511,False,MMP1511.1470016,NON_SYNONYMOUS_CODING,MMP1511.1470016.G.A
BX950229,1654639,T,C,MODERATE,MISSENSE,R15G,MMP1718,MMP1718,False,MMP1718.1654639,NON_SYNONYMOUS_CODING,MMP1718.1654639.T.C
BX950229,830411,TG,T,HIGH,NONE,D205,MMP0835,MMP0835,False,MMP0835.830411,FRAME_SHIFT,MMP0835.830411.TG.T
BX950229,1438687,AG,A,HIGH,NONE,G109,MMP1477,MMP1477,True,MMP1477.1438687,FRAME_SHIFT,MMP1477.1438687.AG.A
BX950229,180289,C,CA,HIGH,NONE,F42F?,MMP0172,MMP0172,False,MMP0172.180289,FRAME_SHIFT,MMP0172.180289.C.CA
BX950229,1469436,AGCTGCTGCTGC,AGCTGCTGC,MODERATE,NONE,A285,MMP1511,MMP1511,False,MMP1511.1469436,CODON_DELETION,MMP1511.1469436.AGCTGCTGCTGC.AGCTGCTGC
BX950229,1469436,AGCT,A,MODERATE,NONE,AA287A,MMP1511,MMP1511,False,MMP1511.1469436,CODON_CHANGE_PLUS_CODON_DELETION,MMP1511.1469436.AGCT.A
BX950229,1153734,G,GAT,HIGH,NONE,D402M?,MMP1169,MMP1169,True,MMP1169.1153734,FRAME_SHIFT,MMP1169.1153734.G.GAT
BX950229,1289826,TA,T,HIGH,NONE,Y270,MMP1303,MMP1303,False,MMP1303.1289826,FRAME_SHIFT,MMP1303.1289826.TA.T
BX950229,753653,G,A,LOW,SILENT,E173,MMP0762,MMP0762,False,MMP0762.753653,SYNONYMOUS_CODING,MMP0762.753653.G.A
BX950229,252299,AT,A,HIGH,NONE,N252,MMP0251,MMP0251,False,MMP0251.252299,FRAME_SHIFT,MMP0251.252299.AT.A
BX950229,1341204,T,TGAA,MODERATE,NONE,N108EN,MMP1362,MMP1362,False,MMP1362.1341204,CODON_INSERTION,MMP1362.1341204.T.TGAA
BX950229,830302,G,GGCCAGAATGATTTTTTACCT,HIGH,NONE,P242QVKNHSG?,MMP0835,MMP0835,False,MMP0835.830302,FRAME_SHIFT,MMP0835.830302.G.GGCCAGAATGATTTTTTACCT
BX950229,188850,A,C,LOW,SILENT,P539,MMP0179,MMP0179,False,MMP0179.188850,SYNONYMOUS_CODING,MMP0179.188850.A.C
BX950229,1080889,G,C,MODIFIER,NONE,,,MMP__.1080889,False,MMP__.1080889,INTERGENIC,MMP__.1080889.G.C
BX950229,830618,C,T,MODERATE,MISSENSE,E137K,MMP0835,MMP0835,False,MMP0835.830618,NON_SYNONYMOUS_CODING,MMP0835.830618.C.T
BX950229,180289,CAAAAAAAA,CAAAAAAAAA,HIGH,NONE,V40V?,MMP0172,MMP0172,False,MMP0172.180289,FRAME_SHIFT,MMP0172.180289.CAAAAAAAA.CAAAAAAAAA
BX950229,104053,A,G,MODERATE,MISSENSE,Y212H,MMP0094,MMP0094,False,MMP0094.104053,NON_SYNONYMOUS_CODING,MMP0094.104053.A.G
BX950229,332700,TA,T,HIGH,NONE,S125,MMP0335,MMP0335,False,MMP0335.332700,FRAME_SHIFT,MMP0335.332700.TA.T
BX950229,1298610,TC,T,HIGH,NONE,G729,MMP1314,MMP1314,False,MMP1314.1298610,FRAME_SHIFT,MMP1314.1298610.TC.T
BX950229,1654605,A,AT,HIGH,NONE,I26N?,MMP1718,MMP1718,False,MMP1718.1654605,FRAME_SHIFT,MMP1718.1654605.A.AT
BX950229,1469074,A,G,MODERATE,MISSENSE,V409A,MMP1511,MMP1511,False,MMP1511.1469074,NON_SYNONYMOUS_CODING,MMP1511.1469074.A.G
BX950229,1108915,CAA,CA,HIGH,NONE,Q267,MMP1119,MMP1119,False,MMP1119.1108915,FRAME_SHIFT,MMP1119.1108915.CAA.CA
BX950229,830868,CA,C,HIGH,NONE,M53,MMP0835,MMP0835,False,MMP0835.830868,FRAME_SHIFT,MMP0835.830868.CA.C
BX950229,1469771,C,T,MODERATE,MISSENSE,A177T,MMP1511,MMP1511,False,MMP1511.1469771,NON_SYNONYMOUS_CODING,MMP1511.1469771.C.T
BX950229,1540747,T,C,MODERATE,MISSENSE,D139G,MMP1591,MMP1591,False,MMP1591.1540747,NON_SYNONYMOUS_CODING,MMP1591.1540747.T.C
BX950229,308883,TAAAATA,T,MODIFIER,NONE,,,MMP__.308883,False,MMP__.308883,INTERGENIC,MMP__.308883.TAAAATA.T
BX950229,216924,TAAAA,TAAA,HIGH,NONE,S62,MMP0209,MMP0209,False,MMP0209.216924,FRAME_SHIFT,MMP0209.216924.TAAAA.TAAA
BX950229,1092628,GAAAA,GAA,HIGH,NONE,N233,MMP1099,MMP1099,False,MMP1099.1092628,FRAME_SHIFT,MMP1099.1092628.GAAAA.GAA
BX950229,1469773,T,C,MODERATE,MISSENSE,D176G,MMP1511,MMP1511,False,MMP1511.1469773,NON_SYNONYMOUS_CODING,MMP1511.1469773.T.C
BX950229,120330,C,T,MODERATE,MISSENSE,E69K,MMP0111,MMP0111,False,MMP0111.120330,NON_SYNONYMOUS_CODING,MMP0111.120330.C.T
BX950229,830963,C,T,MODERATE,MISSENSE,A22T,MMP0835,MMP0835,False,MMP0835.830963,NON_SYNONYMOUS_CODING,MMP0835.830963.C.T
BX950229,1159939,C,T,MODERATE,MISSENSE,T147I,MMP1177,MMP1177,False,MMP1177.1159939,NON_SYNONYMOUS_CODING,MMP1177.1159939.C.T
BX950229,332698,CT,C,HIGH,NONE,L124,MMP0335,MMP0335,False,MMP0335.332698,FRAME_SHIFT,MMP0335.332698.CT.C
BX950229,421200,ACC,AC,HIGH,NONE,P246,MMP0419,MMP0419,False,MMP0419.421200,FRAME_SHIFT,MMP0419.421200.ACC.AC
BX950229,1290301,CAAAAAAAA,CAAAAAAAAA,HIGH,NONE,V109V?,MMP1303,MMP1303,False,MMP1303.1290301,FRAME_SHIFT,MMP1303.1290301.CAAAAAAAA.CAAAAAAAAA
BX950229,646987,T,G,MODIFIER,NONE,,,MMP__.646987,False,MMP__.646987,INTERGENIC,MMP__.646987.T.G
BX950229,1217220,T,A,MODERATE,MISSENSE,L240H,MMP1227,MMP1227,False,MMP1227.1217220,NON_SYNONYMOUS_CODING,MMP1227.1217220.T.A
BX950229,1220286,T,G,MODERATE,MISSENSE,I179L,MMP1232,MMP1232,False,MMP1232.1220286,NON_SYNONYMOUS_CODING,MMP1232.1220286.T.G
BX950229,1343575,A,T,MODERATE,MISSENSE,I265F,MMP1363,MMP1363,False,MMP1363.1343575,NON_SYNONYMOUS_CODING,MMP1363.1343575.A.T
BX950229,1429948,A,C,MODIFIER,NONE,,,MMP__.1429948,False,MMP__.1429948,INTERGENIC,MMP__.1429948.A.C
BX950229,1654587,T,A,MODERATE,MISSENSE,D32V,MMP1718,MMP1718,False,MMP1718.1654587,NON_SYNONYMOUS_CODING,MMP1718.1654587.T.A
BX950229,1659186,G,A,MODERATE,MISSENSE,G502R,MMP1720,MMP1720,False,MMP1720.1659186,NON_SYNONYMOUS_CODING,MMP1720.1659186.G.A
BX950229,50814,G,A,MODERATE,MISSENSE,A99T,MMP0033,MMP0033,False,MMP0033.50814,NON_SYNONYMOUS_CODING,MMP0033.50814.G.A
BX950229,324663,G,A,MODERATE,MISSENSE,G47R,MMP0327,MMP0327,False,MMP0327.324663,NON_SYNONYMOUS_CODING,MMP0327.324663.G.A
BX950229,420410,A,G,MODIFIER,NONE,,,MMP__.420410,False,MMP__.420410,INTERGENIC,MMP__.420410.A.G
BX950229,447015,G,A,MODIFIER,NONE,,,MMP__.447015,False,MMP__.447015,INTERGENIC,MMP__.447015.G.A
BX950229,1216753,G,A,MODERATE,MISSENSE,M84I,MMP1227,MMP1227,False,MMP1227.1216753,NON_SYNONYMOUS_CODING,MMP1227.1216753.G.A
BX950229,51226,C,T,MODERATE,MISSENSE,P236L,MMP0033,MMP0033,False,MMP0033.51226,NON_SYNONYMOUS_CODING,MMP0033.51226.C.T
BX950229,66091,C,A,LOW,SILENT,T75,MMP0049,MMP0049,False,MMP0049.66091,SYNONYMOUS_CODING,MMP0049.66091.C.A
BX950229,375056,T,C,LOW,SILENT,S367,MMP0378,MMP0378,False,MMP0378.375056,SYNONYMOUS_CODING,MMP0378.375056.T.C
BX950229,421297,G,A,MODERATE,MISSENSE,G278R,MMP0419,MMP0419,False,MMP0419.421297,NON_SYNONYMOUS_CODING,MMP0419.421297.G.A
BX950229,696182,T,C,MODERATE,MISSENSE,T97A,MMP0705,MMP0705,False,MMP0705.696182,NON_SYNONYMOUS_CODING,MMP0705.696182.T.C
BX950229,973056,T,G,LOW,SILENT,P121,MMP0986,MMP0986,False,MMP0986.973056,SYNONYMOUS_CODING,MMP0986.973056.T.G
BX950229,1154314,T,C,MODERATE,MISSENSE,W136R,MMP1170,MMP1170,False,MMP1170.1154314,NON_SYNONYMOUS_CODING,MMP1170.1154314.T.C
BX950229,1342412,G,T,MODERATE,MISSENSE,R506I,MMP1362,MMP1362,False,MMP1362.1342412,NON_SYNONYMOUS_CODING,MMP1362.1342412.G.T
BX950229,1470227,C,T,MODERATE,MISSENSE,G25S,MMP1511,MMP1511,False,MMP1511.1470227,NON_SYNONYMOUS_CODING,MMP1511.1470227.C.T
BX950229,183119,TGGG,TGGGG,MODIFIER,NONE,,,MMP__.183119,False,MMP__.183119,INTERGENIC,MMP__.183119.TGGG.TGGGG
BX950229,421203,TAAAAAA,TAAAAA,HIGH,NONE,K248,MMP0419,MMP0419,False,MMP0419.421203,FRAME_SHIFT,MMP0419.421203.TAAAAAA.TAAAAA
BX950229,35655,G,A,MODERATE,MISSENSE,P333S,MMP0026,MMP0026,False,MMP0026.35655,NON_SYNONYMOUS_CODING,MMP0026.35655.G.A
BX950229,241893,A,G,MODERATE,MISSENSE,K136R,MMP0234,MMP0234,False,MMP0234.241893,NON_SYNONYMOUS_CODING,MMP0234.241893.A.G
BX950229,682398,G,A,MODERATE,MISSENSE,P552L,MMP0694,MMP0694,False,MMP0694.682398,NON_SYNONYMOUS_CODING,MMP0694.682398.G.A
BX950229,1339953,G,A,MODERATE,MISSENSE,E201K,MMP1361,MMP1361,False,MMP1361.1339953,NON_SYNONYMOUS_CODING,MMP1361.1339953.G.A
BX950229,1343762,C,T,MODERATE,MISSENSE,T327I,MMP1363,MMP1363,False,MMP1363.1343762,NON_SYNONYMOUS_CODING,MMP1363.1343762.C.T
BX950229,1469090,C,T,MODERATE,MISSENSE,A404T,MMP1511,MMP1511,False,MMP1511.1469090,NON_SYNONYMOUS_CODING,MMP1511.1469090.C.T
BX950229,1558340,C,A,MODERATE,MISSENSE,G113W,MMP1611,MMP1611,False,MMP1611.1558340,NON_SYNONYMOUS_CODING,MMP1611.1558340.C.A
BX950229,332698,CTT,CT,HIGH,NONE,L124,MMP0335,MMP0335,False,MMP0335.332698,FRAME_SHIFT,MMP0335.332698.CTT.CT
BX950229,684127,T,TA,MODIFIER,NONE,,,MMP__.684127,False,MMP__.684127,INTERGENIC,MMP__.684127.T.TA
BX950229,1290301,CAAAAAAAA,CAAAAAAA,HIGH,NONE,V109,MMP1303,MMP1303,False,MMP1303.1290301,FRAME_SHIFT,MMP1303.1290301.CAAAAAAAA.CAAAAAAA
BX950229,421400,G,A,MODERATE,MISSENSE,G312D,MMP0419,MMP0419,False,MMP0419.421400,NON_SYNONYMOUS_CODING,MMP0419.421400.G.A
BX950229,1459224,C,T,HIGH,NONSENSE,Q74*,MMP1498,MMP1498,False,MMP1498.1459224,STOP_GAINED,MMP1498.1459224.C.T
BX950229,1469894,A,G,MODERATE,MISSENSE,F136L,MMP1511,MMP1511,False,MMP1511.1469894,NON_SYNONYMOUS_CODING,MMP1511.1469894.A.G
BX950229,1538034,G,A,LOW,SILENT,A14,MMP1588,MMP1588,False,MMP1588.1538034,SYNONYMOUS_CODING,MMP1588.1538034.G.A
BX950229,216837,TC,T,HIGH,NONE,W92,MMP0209,MMP0209,False,MMP0209.216837,FRAME_SHIFT,MMP0209.216837.TC.T
BX950229,332631,TATTGAT,TAT,HIGH,NONE,LI102,MMP0335,MMP0335,False,MMP0335.332631,FRAME_SHIFT,MMP0335.332631.TATTGAT.TAT
BX950229,1298610,T,TC,HIGH,NONE,G729G?,MMP1314,MMP1314,False,MMP1314.1298610,FRAME_SHIFT,MMP1314.1298610.T.TC
BX950229,421445,C,T,MODERATE,MISSENSE,A327V,MMP0419,MMP0419,False,MMP0419.421445,NON_SYNONYMOUS_CODING,MMP0419.421445.C.T
BX950229,647027,A,C,MODIFIER,NONE,,,MMP__.647027,False,MMP__.647027,INTERGENIC,MMP__.647027.A.C
BX950229,950751,G,A,MODERATE,MISSENSE,G381S,MMP0961,MMP0961,False,MMP0961.950751,NON_SYNONYMOUS_CODING,MMP0961.950751.G.A
BX950229,176655,GTATAT,GT,HIGH,NONE,NI47,MMP0167,MMP0167,False,MMP0167.176655,FRAME_SHIFT,MMP0167.176655.GTATAT.GT
BX950229,420538,AATATAT,AATAT,HIGH,NONE,IW26,MMP0419,MMP0419,False,MMP0419.420538,FRAME_SHIFT,MMP0419.420538.AATATAT.AATAT
BX950229,1216346,AT,A,HIGH,NONE,I53,MMP1226,MMP1226,False,MMP1226.1216346,FRAME_SHIFT,MMP1226.1216346.AT.A
BX950229,1290301,C,CA,HIGH,NONE,F111F?,MMP1303,MMP1303,False,MMP1303.1290301,FRAME_SHIFT,MMP1303.1290301.C.CA
BX950229,259300,T,C,MODERATE,MISSENSE,N62S,MMP0257,MMP0257,False,MMP0257.259300,NON_SYNONYMOUS_CODING,MMP0257.259300.T.C
BX950229,1067566,G,A,MODERATE,MISSENSE,P315S,MMP1077,MMP1077,False,MMP1077.1067566,NON_SYNONYMOUS_CODING,MMP1077.1067566.G.A
BX950229,1097144,C,T,LOW,SILENT,G258,MMP1105,MMP1105,False,MMP1105.1097144,SYNONYMOUS_CODING,MMP1105.1097144.C.T
BX950229,354197,AT,A,HIGH,NONE,K197,MMP0357,MMP0357,False,MMP0357.354197,FRAME_SHIFT,MMP0357.354197.AT.A
BX950229,1469497,ACCCCCC,ACCCCCCC,HIGH,NONE,W266W?,MMP1511,MMP1511,False,MMP1511.1469497,FRAME_SHIFT,MMP1511.1469497.ACCCCCC.ACCCCCCC
BX950229,217112,A,C,HIGH,MISSENSE,M1R,MMP0209,MMP0209,False,MMP0209.217112,START_LOST,MMP0209.217112.A.C
BX950229,421502,A,G,MODERATE,MISSENSE,K346R,MMP0419,MMP0419,False,MMP0419.421502,NON_SYNONYMOUS_CODING,MMP0419.421502.A.G
BX950229,683884,T,C,MODERATE,MISSENSE,R57G,MMP0694,MMP0694,False,MMP0694.683884,NON_SYNONYMOUS_CODING,MMP0694.683884.T.C
BX950229,1342456,G,A,MODERATE,MISSENSE,V521M,MMP1362,MMP1362,False,MMP1362.1342456,NON_SYNONYMOUS_CODING,MMP1362.1342456.G.A
BX950229,174739,CT,C,HIGH,NONE,K364,MMP0166,MMP0166,False,MMP0166.174739,FRAME_SHIFT,MMP0166.174739.CT.C
BX950229,332700,TAA,TAAA,HIGH,NONE,S125K?,MMP0335,MMP0335,False,MMP0335.332700,FRAME_SHIFT,MMP0335.332700.TAA.TAAA
BX950229,1342343,TTGCTG,TTGCTGCTG,MODERATE,NONE,G485AG,MMP1362,MMP1362,False,MMP1362.1342343,CODON_CHANGE_PLUS_CODON_INSERTION,MMP1362.1342343.TTGCTG.TTGCTGCTG
BX950229,324573,G,A,MODERATE,MISSENSE,A17T,MMP0327,MMP0327,False,MMP0327.324573,NON_SYNONYMOUS_CODING,MMP0327.324573.G.A
BX950229,420656,G,A,MODERATE,MISSENSE,G64E,MMP0419,MMP0419,False,MMP0419.420656,NON_SYNONYMOUS_CODING,MMP0419.420656.G.A
BX950229,827039,G,T,MODERATE,MISSENSE,D332Y,MMP0832,MMP0832,False,MMP0832.827039,NON_SYNONYMOUS_CODING,MMP0832.827039.G.T
BX950229,989485,T,C,LOW,SILENT,G93,MMP1005,MMP1005,False,MMP1005.989485,SYNONYMOUS_CODING,MMP1005.989485.T.C
BX950229,1163787,G,A,LOW,SILENT,S473,MMP1180,MMP1180,False,MMP1180.1163787,SYNONYMOUS_CODING,MMP1180.1163787.G.A
BX950229,174739,CTTT,CTT,HIGH,NONE,L363,MMP0166,MMP0166,False,MMP0166.174739,FRAME_SHIFT,MMP0166.174739.CTTT.CTT
BX950229,354559,A,AT,HIGH,NONE,I77N?,MMP0357,MMP0357,False,MMP0357.354559,FRAME_SHIFT,MMP0357.354559.A.AT
BX950229,421521,CAAA,CAA,HIGH,NONE,K353,MMP0419,MMP0419,False,MMP0419.421521,FRAME_SHIFT,MMP0419.421521.CAAA.CAA
BX950229,464225,AGGGGGGGG,AGGGGGGG,HIGH,NONE,G35,MMP0466,MMP0466,False,MMP0466.464225,FRAME_SHIFT,MMP0466.464225.AGGGGGGGG.AGGGGGGG
BX950229,1512074,C,CA,HIGH,NONE,I186N?,MMP1557,MMP1557,False,MMP1557.1512074,FRAME_SHIFT,MMP1557.1512074.C.CA
BX950229,940428,A,G,MODERATE,MISSENSE,L70P,MMP0952,MMP0952,False,MMP0952.940428,NON_SYNONYMOUS_CODING,MMP0952.940428.A.G
BX950229,1068372,A,C,MODERATE,MISSENSE,I46S,MMP1077,MMP1077,False,MMP1077.1068372,NON_SYNONYMOUS_CODING,MMP1077.1068372.A.C
BX950229,1440021,G,A,MODERATE,MISSENSE,A100T,MMP1479,MMP1479,False,MMP1479.1440021,NON_SYNONYMOUS_CODING,MMP1479.1440021.G.A
BX950229,1461551,A,G,MODIFIER,NONE,,,MMP__.1461551,False,MMP__.1461551,INTERGENIC,MMP__.1461551.A.G
BX950229,1387019,C,T,MODERATE,MISSENSE,A128V,MMP1409,MMP1409,True,MMP1409.1387019,NON_SYNONYMOUS_CODING,MMP1409.1387019.C.T
BX950229,33867,C,A,MODERATE,MISSENSE,G929C,MMP0026,MMP0026,False,MMP0026.33867,NON_SYNONYMOUS_CODING,MMP0026.33867.C.A
BX950229,59383,C,A,MODERATE,MISSENSE,R81I,MMP0041,MMP0041,False,MMP0041.59383,NON_SYNONYMOUS_CODING,MMP0041.59383.C.A
BX950229,1120848,C,T,MODERATE,MISSENSE,R416K,MMP1131,MMP1131,False,MMP1131.1120848,NON_SYNONYMOUS_CODING,MMP1131.1120848.C.T
BX950229,1610441,C,T,MODERATE,MISSENSE,A212V,MMP1666,MMP1666,False,MMP1666.1610441,NON_SYNONYMOUS_CODING,MMP1666.1610441.C.T
BX950229,25653,C,A,HIGH,NONSENSE,E132*,MMP0015,MMP0015,False,MMP0015.25653,STOP_GAINED,MMP0015.25653.C.A
BX950229,57674,T,G,MODERATE,MISSENSE,T308P,MMP0040,MMP0040,False,MMP0040.57674,NON_SYNONYMOUS_CODING,MMP0040.57674.T.G
BX950229,549888,G,A,MODERATE,MISSENSE,E380K,MMP0545,MMP0545,False,MMP0545.549888,NON_SYNONYMOUS_CODING,MMP0545.549888.G.A
BX950229,1401338,A,G,MODERATE,MISSENSE,Y37H,MMP1429,MMP1429,False,MMP1429.1401338,NON_SYNONYMOUS_CODING,MMP1429.1401338.A.G
BX950229,227015,T,G,MODERATE,MISSENSE,I241S,MMP0219,MMP0219,False,MMP0219.227015,NON_SYNONYMOUS_CODING,MMP0219.227015.T.G
BX950229,354511,C,T,MODERATE,MISSENSE,G93E,MMP0357,MMP0357,False,MMP0357.354511,NON_SYNONYMOUS_CODING,MMP0357.354511.C.T
BX950229,1469234,T,C,MODERATE,MISSENSE,T356A,MMP1511,MMP1511,False,MMP1511.1469234,NON_SYNONYMOUS_CODING,MMP1511.1469234.T.C
BX950229,1466993,G,A,HIGH,MISSENSE,M1I,MMP1509,MMP1509,False,MMP1509.1466993,START_LOST,MMP1509.1466993.G.A
BX950229,1614647,G,T,MODERATE,MISSENSE,D99Y,MMP1673,MMP1673,False,MMP1673.1614647,NON_SYNONYMOUS_CODING,MMP1673.1614647.G.T
BX950229,926993,G,C,MODERATE,MISSENSE,R22G,MMP0939,MMP0939,False,MMP0939.926993,NON_SYNONYMOUS_CODING,MMP0939.926993.G.C
BX950229,1469827,C,T,MODERATE,MISSENSE,G158D,MMP1511,MMP1511,False,MMP1511.1469827,NON_SYNONYMOUS_CODING,MMP1511.1469827.C.T
BX950229,356305,AG,A,HIGH,NONE,P98,MMP0359,MMP0359,False,MMP0359.356305,FRAME_SHIFT,MMP0359.356305.AG.A
BX950229,422089,TA,T,MODIFIER,NONE,,,MMP__.422089,False,MMP__.422089,INTERGENIC,MMP__.422089.TA.T
BX950229,549168,C,T,HIGH,NONSENSE,Q140*,MMP0545,MMP0545,False,MMP0545.549168,STOP_GAINED,MMP0545.549168.C.T
BX950229,1292545,A,T,MODERATE,MISSENSE,I437F,MMP1305,MMP1305,False,MMP1305.1292545,NON_SYNONYMOUS_CODING,MMP1305.1292545.A.T
BX950229,1299591,C,A,MODERATE,MISSENSE,W402C,MMP1314,MMP1314,False,MMP1314.1299591,NON_SYNONYMOUS_CODING,MMP1314.1299591.C.A
BX950229,332667,CAATAATAATAA,CAATAATAA,MODERATE,NONE,IK116K,MMP0335,MMP0335,False,MMP0335.332667,CODON_CHANGE_PLUS_CODON_DELETION,MMP0335.332667.CAATAATAATAA.CAATAATAA
BX950229,59382,T,A,MODERATE,MISSENSE,R81S,MMP0041,MMP0041,False,MMP0041.59382,NON_SYNONYMOUS_CODING,MMP0041.59382.T.A
BX950229,1122206,T,G,MODIFIER,NONE,,,MMP__.1122206,False,MMP__.1122206,INTERGENIC,MMP__.1122206.T.G
BX950229,1542482,G,A,LOW,SILENT,Y243,MMP1593,MMP1593,False,MMP1593.1542482,SYNONYMOUS_CODING,MMP1593.1542482.G.A
BX950229,1558313,C,T,MODERATE,MISSENSE,G122R,MMP1611,MMP1611,False,MMP1611.1558313,NON_SYNONYMOUS_CODING,MMP1611.1558313.C.T
BX950229,1558883,A,C,LOW,SILENT,V165,MMP1612,MMP1612,False,MMP1612.1558883,SYNONYMOUS_CODING,MMP1612.1558883.A.C
BX950229,1611068,G,A,MODERATE,MISSENSE,E145K,MMP1667,MMP1667,False,MMP1667.1611068,NON_SYNONYMOUS_CODING,MMP1667.1611068.G.A
BX950229,549628,GA,G,HIGH,NONE,K295,MMP0545,MMP0545,False,MMP0545.549628,FRAME_SHIFT,MMP0545.549628.GA.G
BX950229,1469497,A,AC,HIGH,NONE,V268G?,MMP1511,MMP1511,False,MMP1511.1469497,FRAME_SHIFT,MMP1511.1469497.A.AC
BX950229,17954,C,A,MODERATE,MISSENSE,G469V,MMP0008,MMP0008,False,MMP0008.17954,NON_SYNONYMOUS_CODING,MMP0008.17954.C.A
BX950229,57447,T,G,MODERATE,MISSENSE,E383D,MMP0040,MMP0040,False,MMP0040.57447,NON_SYNONYMOUS_CODING,MMP0040.57447.T.G
BX950229,86403,C,T,MODERATE,MISSENSE,T60I,MMP0074,MMP0074,False,MMP0074.86403,NON_SYNONYMOUS_CODING,MMP0074.86403.C.T
BX950229,220983,A,C,MODERATE,MISSENSE,I184R,MMP0213,MMP0213,False,MMP0213.220983,NON_SYNONYMOUS_CODING,MMP0213.220983.A.C
BX950229,252618,T,C,MODERATE,MISSENSE,H146R,MMP0251,MMP0251,False,MMP0251.252618,NON_SYNONYMOUS_CODING,MMP0251.252618.T.C
BX950229,421787,T,G,MODERATE,MISSENSE,M441R,MMP0419,MMP0419,False,MMP0419.421787,NON_SYNONYMOUS_CODING,MMP0419.421787.T.G
BX950229,777834,A,G,MODIFIER,NONE,,,MMP__.777834,False,MMP__.777834,INTERGENIC,MMP__.777834.A.G
BX950229,908724,A,G,LOW,SILENT,F153,MMP0919,MMP0919,False,MMP0919.908724,SYNONYMOUS_CODING,MMP0919.908724.A.G
BX950229,1052274,A,C,MODERATE,MISSENSE,Q240P,MMP1060,MMP1060,False,MMP1060.1052274,NON_SYNONYMOUS_CODING,MMP1060.1052274.A.C
BX950229,1083012,A,T,MODERATE,MISSENSE,L148I,MMP1090,MMP1090,False,MMP1090.1083012,NON_SYNONYMOUS_CODING,MMP1090.1083012.A.T
BX950229,1117923,G,T,MODERATE,MISSENSE,V331F,MMP1127,MMP1127,False,MMP1127.1117923,NON_SYNONYMOUS_CODING,MMP1127.1117923.G.T
BX950229,1226616,C,T,MODERATE,MISSENSE,P317L,MMP1240,MMP1240,False,MMP1240.1226616,NON_SYNONYMOUS_CODING,MMP1240.1226616.C.T
BX950229,1263983,T,G,LOW,SILENT,P31,MMP1280,MMP1280,False,MMP1280.1263983,SYNONYMOUS_CODING,MMP1280.1263983.T.G
BX950229,1273095,T,C,MODERATE,MISSENSE,R206G,MMP1290,MMP1290,False,MMP1290.1273095,NON_SYNONYMOUS_CODING,MMP1290.1273095.T.C
BX950229,1314391,G,A,MODIFIER,NONE,,,MMP__.1314391,False,MMP__.1314391,INTERGENIC,MMP__.1314391.G.A
BX950229,1315106,G,A,LOW,SILENT,P175,MMP1334,MMP1334,False,MMP1334.1315106,SYNONYMOUS_CODING,MMP1334.1315106.G.A
BX950229,1339315,G,T,MODIFIER,NONE,,,MMP__.1339315,False,MMP__.1339315,INTERGENIC,MMP__.1339315.G.T
BX950229,1343545,A,T,MODERATE,MISSENSE,N255Y,MMP1363,MMP1363,False,MMP1363.1343545,NON_SYNONYMOUS_CODING,MMP1363.1343545.A.T
BX950229,1384266,A,C,LOW,SILENT,S79,MMP1403,MMP1403,False,MMP1403.1384266,SYNONYMOUS_CODING,MMP1403.1384266.A.C
BX950229,1593320,A,G,MODERATE,MISSENSE,W125R,MMP1652,MMP1652,False,MMP1652.1593320,NON_SYNONYMOUS_CODING,MMP1652.1593320.A.G
BX950229,1614445,C,A,MODERATE,MISSENSE,H31Q,MMP1673,MMP1673,False,MMP1673.1614445,NON_SYNONYMOUS_CODING,MMP1673.1614445.C.A
BX950229,35597,G,A,MODERATE,MISSENSE,A352V,MMP0026,MMP0026,False,MMP0026.35597,NON_SYNONYMOUS_CODING,MMP0026.35597.G.A
BX950229,421421,T,G,MODERATE,MISSENSE,I319R,MMP0419,MMP0419,False,MMP0419.421421,NON_SYNONYMOUS_CODING,MMP0419.421421.T.G
BX950229,1558274,A,T,MODERATE,MISSENSE,Y135N,MMP1611,MMP1611,False,MMP1611.1558274,NON_SYNONYMOUS_CODING,MMP1611.1558274.A.T
BX950229,421319,GA,G,HIGH,NONE,G285,MMP0419,MMP0419,False,MMP0419.421319,FRAME_SHIFT,MMP0419.421319.GA.G
BX950229,548993,TAAAA,TAAA,HIGH,NONE,I83,MMP0545,MMP0545,False,MMP0545.548993,FRAME_SHIFT,MMP0545.548993.TAAAA.TAAA
BX950229,1470298,ATTTTT,ATTTT,MODIFIER,NONE,,,MMP__.1470298,False,MMP__.1470298,INTERGENIC,MMP__.1470298.ATTTTT.ATTTT
BX950229,216974,G,A,MODERATE,MISSENSE,P47L,MMP0209,MMP0209,False,MMP0209.216974,NON_SYNONYMOUS_CODING,MMP0209.216974.G.A
BX950229,356549,C,T,MODERATE,MISSENSE,G17D,MMP0359,MMP0359,False,MMP0359.356549,NON_SYNONYMOUS_CODING,MMP0359.356549.C.T
BX950229,1299577,C,A,MODERATE,MISSENSE,R407I,MMP1314,MMP1314,False,MMP1314.1299577,NON_SYNONYMOUS_CODING,MMP1314.1299577.C.A
BX950229,1348047,G,A,MODERATE,MISSENSE,G109S,MMP1367,MMP1367,False,MMP1367.1348047,NON_SYNONYMOUS_CODING,MMP1367.1348047.G.A
BX950229,464225,AG,A,HIGH,NONE,G35,MMP0466,MMP0466,False,MMP0466.464225,FRAME_SHIFT,MMP0466.464225.AG.A
BX950229,1215374,AT,A,HIGH,NONE,I377,MMP1226,MMP1226,False,MMP1226.1215374,FRAME_SHIFT,MMP1226.1215374.AT.A
BX950229,421237,ATTT,ATT,HIGH,NONE,S259,MMP0419,MMP0419,False,MMP0419.421237,FRAME_SHIFT,MMP0419.421237.ATTT.ATT
BX950229,1469436,AGCTGCTGCTGC,AGCTGCTGCTGCTGC,MODERATE,NONE,I284IA,MMP1511,MMP1511,False,MMP1511.1469436,CODON_INSERTION,MMP1511.1469436.AGCTGCTGCTGC.AGCTGCTGCTGCTGC
BX950229,540893,A,G,MODERATE,MISSENSE,I8T,MMP0535,MMP0535,False,MMP0535.540893,NON_SYNONYMOUS_CODING,MMP0535.540893.A.G
BX950229,549777,T,C,MODERATE,MISSENSE,S343P,MMP0545,MMP0545,False,MMP0545.549777,NON_SYNONYMOUS_CODING,MMP0545.549777.T.C
BX950229,1127479,C,T,MODERATE,MISSENSE,G126R,MMP1137,MMP1137,False,MMP1137.1127479,NON_SYNONYMOUS_CODING,MMP1137.1127479.C.T
BX950229,1151265,G,A,HIGH,MISSENSE,M1I,MMP1167,MMP1167,False,MMP1167.1151265,START_LOST,MMP1167.1151265.G.A
BX950229,1172956,C,A,HIGH,NONSENSE,G5*,MMP1190,MMP1190,False,MMP1190.1172956,STOP_GAINED,MMP1190.1172956.C.A
BX950229,1473826,C,T,MODERATE,MISSENSE,H231Y,MMP1514,MMP1514,False,MMP1514.1473826,NON_SYNONYMOUS_CODING,MMP1514.1473826.C.T
BX950229,1558534,A,G,MODERATE,MISSENSE,L48P,MMP1611,MMP1611,False,MMP1611.1558534,NON_SYNONYMOUS_CODING,MMP1611.1558534.A.G
BX950229,1092628,GAA,G,HIGH,NONE,N233,MMP1099,MMP1099,False,MMP1099.1092628,FRAME_SHIFT,MMP1099.1092628.GAA.G
BX950229,1173018,A,AAT,MODIFIER,NONE,,,MMP__.1173018,False,MMP__.1173018,INTERGENIC,MMP__.1173018.A.AAT
BX950229,1290521,AT,A,HIGH,NONE,N38,MMP1303,MMP1303,False,MMP1303.1290521,FRAME_SHIFT,MMP1303.1290521.AT.A
BX950229,421150,T,C,MODERATE,MISSENSE,F229L,MMP0419,MMP0419,False,MMP0419.421150,NON_SYNONYMOUS_CODING,MMP0419.421150.T.C
BX950229,549508,G,A,MODERATE,MISSENSE,G253D,MMP0545,MMP0545,False,MMP0545.549508,NON_SYNONYMOUS_CODING,MMP0545.549508.G.A
BX950229,635445,T,C,MODERATE,MISSENSE,V160A,MMP0643,MMP0643,False,MMP0643.635445,NON_SYNONYMOUS_CODING,MMP0643.635445.T.C
BX950229,1127578,A,G,MODERATE,MISSENSE,F93L,MMP1137,MMP1137,False,MMP1137.1127578,NON_SYNONYMOUS_CODING,MMP1137.1127578.A.G
BX950229,216837,TCC,TC,HIGH,NONE,W92,MMP0209,MMP0209,False,MMP0209.216837,FRAME_SHIFT,MMP0209.216837.TCC.TC
BX950229,1173018,AATATATATAT,AATATATAT,MODIFIER,NONE,,,MMP__.1173018,False,MMP__.1173018,INTERGENIC,MMP__.1173018.AATATATATAT.AATATATAT
BX950229,332700,T,TA,HIGH,NONE,S125K?,MMP0335,MMP0335,False,MMP0335.332700,FRAME_SHIFT,MMP0335.332700.T.TA
BX950229,106430,G,A,MODERATE,MISSENSE,P218L,MMP0096,MMP0096,False,MMP0096.106430,NON_SYNONYMOUS_CODING,MMP0096.106430.G.A
BX950229,1469193,TCC,TC,HIGH,NONE,G369,MMP1511,MMP1511,False,MMP1511.1469193,FRAME_SHIFT,MMP1511.1469193.TCC.TC
BX950229,302196,C,T,HIGH,NONSENSE,W78*,MMP0304,MMP0304,False,MMP0304.302196,STOP_GAINED,MMP0304.302196.C.T
BX950229,674473,G,T,MODERATE,MISSENSE,G112C,MMP0686,MMP0686,False,MMP0686.674473,NON_SYNONYMOUS_CODING,MMP0686.674473.G.T
BX950229,795123,G,T,HIGH,NONSENSE,E60*,MMP0802,MMP0802,False,MMP0802.795123,STOP_GAINED,MMP0802.795123.G.T
BX950229,1127625,A,C,MODERATE,MISSENSE,L77R,MMP1137,MMP1137,False,MMP1137.1127625,NON_SYNONYMOUS_CODING,MMP1137.1127625.A.C
BX950229,1172630,A,G,LOW,SILENT,G113,MMP1190,MMP1190,False,MMP1190.1172630,SYNONYMOUS_CODING,MMP1190.1172630.A.G
BX950229,1479089,G,T,MODERATE,MISSENSE,P141H,MMP1519,MMP1519,False,MMP1519.1479089,NON_SYNONYMOUS_CODING,MMP1519.1479089.G.T
BX950229,1557938,T,A,MODERATE,MISSENSE,S247C,MMP1611,MMP1611,False,MMP1611.1557938,NON_SYNONYMOUS_CODING,MMP1611.1557938.T.A
BX950229,1286770,G,A,LOW,SILENT,N128,MMP1300,MMP1300,False,MMP1300.1286770,SYNONYMOUS_CODING,MMP1300.1286770.G.A
BX950229,1648281,G,A,MODERATE,MISSENSE,P25L,MMP1710,MMP1710,False,MMP1710.1648281,NON_SYNONYMOUS_CODING,MMP1710.1648281.G.A
BX950229,10140,G,GGTTCCTATGTAAGATATA,MODERATE,NONE,I19SSYVRYI,MMP0001,MMP0001,False,MMP0001.10140,CODON_CHANGE_PLUS_CODON_INSERTION,MMP0001.10140.G.GGTTCCTATGTAAGATATA
BX950229,421593,CTG,C,HIGH,NONE,W377,MMP0419,MMP0419,False,MMP0419.421593,FRAME_SHIFT,MMP0419.421593.CTG.C
BX950229,1469819,CAAA,CAA,HIGH,NONE,F160,MMP1511,MMP1511,False,MMP1511.1469819,FRAME_SHIFT,MMP1511.1469819.CAAA.CAA
BX950229,450780,C,T,LOW,SILENT,S189,MMP0457,MMP0457,False,MMP0457.450780,SYNONYMOUS_CODING,MMP0457.450780.C.T
BX950229,1127637,G,A,MODERATE,MISSENSE,P73L,MMP1137,MMP1137,False,MMP1137.1127637,NON_SYNONYMOUS_CODING,MMP1137.1127637.G.A
BX950229,1220246,C,T,MODERATE,MISSENSE,R192K,MMP1232,MMP1232,False,MMP1232.1220246,NON_SYNONYMOUS_CODING,MMP1232.1220246.C.T
BX950229,1478506,A,G,MODERATE,MISSENSE,Y75H,MMP1518,MMP1518,False,MMP1518.1478506,NON_SYNONYMOUS_CODING,MMP1518.1478506.A.G
